id,name,constituency,state,party,criminal_cases,total_assets,liabilities,source_url
idukki-adv-dean-kuriakose,Adv. Dean Kuriakose,Idukki,Kerala,INC,88,20797763,3619970,https://www.myneta.info/LokSabha2024/candidate.php?candidate_id=2275
vadakara-shafi-parambil,Shafi Parambil,Vadakara,Kerala,INC,47,9934524,1500000,https://www.myneta.info/LokSabha2024/candidate.php?candidate_id=3121
malkajgiri-eatala-rajender,Eatala Rajender,Malkajgiri,Telangana,BJP,45,540178712,204157216,https://www.myneta.info/LokSabha2024/candidate.php?candidate_id=5238
karimnagar-bandi-sanjay-kumar,Bandi Sanjay Kumar,Karimnagar,Telangana,BJP,42,11275000,1340000,https://www.myneta.info/LokSabha2024/candidate.php?candidate_id=5230
purnia-rajesh-ranjan-alias-pappu-yadav,Rajesh Ranjan Alias Pappu Yadav,Purnia,Bihar,IND,41,120884682,17236808,https://www.myneta.info/LokSabha2024/candidate.php?candidate_id=2710
madha-mohite-patil-dhairyasheel-rajsinh,Mohite-Patil Dhairyasheel Rajsinh,Madha,Maharashtra,Nationalist Congress Party – Sharadchandra Pawar,36,489434188,205027212,https://www.myneta.info/LokSabha2024/candidate.php?candidate_id=4929
nagina-sc-chandrashekhar,Chandrashekhar,Nagina (SC),Uttar Pradesh,Aazad Samaj Party (Kanshi Ram),36,3986581,0,https://www.myneta.info/LokSabha2024/candidate.php?candidate_id=39
medak-madhavaneni-raghunandan-rao,Madhavaneni Raghunandan Rao,Medak,Telangana,BJP,29,220907289,121178789,https://www.myneta.info/LokSabha2024/candidate.php?candidate_id=5239
bangaon-sc-shantanu-thakur,Shantanu Thakur,Bangaon (SC),West Bengal,BJP,23,33411607,17218000,https://www.myneta.info/LokSabha2024/candidate.php?candidate_id=7112
nizamabad-arvind-dharmapuri,Arvind Dharmapuri,Nizamabad,Telangana,BJP,22,1099020273,306681918,https://www.myneta.info/LokSabha2024/candidate.php?candidate_id=5246
dhanbad-dulu-mahato,Dulu Mahato,Dhanbad,Jharkhand,BJP,22,70120183,7888835,https://www.myneta.info/LokSabha2024/candidate.php?candidate_id=8469
rae-bareli-rahul-gandhi,Rahul Gandhi,Rae Bareli,Uttar Pradesh,INC,18,203961862,4979184,https://www.myneta.info/LokSabha2024/candidate.php?candidate_id=7651
theni-thanga-tamilselvan,Thanga Tamilselvan,Theni,Tamil Nadu,DMK,17,49850594,0,https://www.myneta.info/LokSabha2024/candidate.php?candidate_id=1225
balurghat-sukanta-majumdar,Sukanta Majumdar,Balurghat,West Bengal,BJP,16,12476825,1125114,https://www.myneta.info/LokSabha2024/candidate.php?candidate_id=2211
aurangabad-abhay-kumar-sinha,Abhay Kumar Sinha,Aurangabad,Bihar,RJD,16,107718589,47801483,https://www.myneta.info/LokSabha2024/candidate.php?candidate_id=1702
hindupur-b-k-parthasarathi,B K Parthasarathi,Hindupur,Andhra Pradesh,TDP,15,168959895,17890470,https://www.myneta.info/LokSabha2024/candidate.php?candidate_id=5109
kannur-k-sudhakaran,K. Sudhakaran,Kannur,Kerala,INC,14,62979919,5933624,https://www.myneta.info/LokSabha2024/candidate.php?candidate_id=2279
daman-diu-patel-umeshbhai-babubhai,Patel Umeshbhai Babubhai,Daman & Diu,Dadra and Nagar Haveli and Daman and Diu,IND,14,4752198,406981,https://www.myneta.info/LokSabha2024/candidate.php?candidate_id=3667
attingal-adv-adoor-prakash,Adv Adoor Prakash,Attingal,Kerala,INC,13,180933863,36802602,https://www.myneta.info/LokSabha2024/candidate.php?candidate_id=3084
akbarpur-devendra-singh-alias-bhole-singh,Devendra Singh Alias Bhole Singh,Akbarpur,Uttar Pradesh,BJP,13,47828524,9902495,https://www.myneta.info/LokSabha2024/candidate.php?candidate_id=5083
khagaria-rajesh-verma,Rajesh Verma,Khagaria,Bihar,Lok Janshakti Party(Ram Vilas),12,53894412,40745130,https://www.myneta.info/LokSabha2024/candidate.php?candidate_id=3633
khadoor-sahib-amritpal-singh,Amritpal Singh,Khadoor Sahib,Punjab,IND,12,1838440,0,https://www.myneta.info/LokSabha2024/candidate.php?candidate_id=9665
thiruvananthapuram-shashi-tharoor,Shashi Tharoor,Thiruvananthapuram,Kerala,INC,12,560656126,0,https://www.myneta.info/LokSabha2024/candidate.php?candidate_id=2313
nagpur-nitin-jairam-gadkari,Nitin Jairam Gadkari,Nagpur,Maharashtra,BJP,10,280317321,62230174,https://www.myneta.info/LokSabha2024/candidate.php?candidate_id=329
ernakulam-hibi-eden,Hibi Eden,Ernakulam,Kerala,INC,10,34000696,4454363,https://www.myneta.info/LokSabha2024/candidate.php?candidate_id=3093
mayiladuthurai-sudha-r,Sudha R,Mayiladuthurai,Tamil Nadu,INC,10,3862830,0,https://www.myneta.info/LokSabha2024/candidate.php?candidate_id=1575
dindigul-sachithanantham-r,Sachithanantham R,Dindigul,Tamil Nadu,CPI(M),9,2597479,785694,https://www.myneta.info/LokSabha2024/candidate.php?candidate_id=834
kurukshetra-naveen-jindal,Naveen Jindal,Kurukshetra,Haryana,BJP,9,12414768000,73706000,https://www.myneta.info/LokSabha2024/candidate.php?candidate_id=8542
berhampur-dr-pradeep-kumar-panigrahy,Dr Pradeep Kumar Panigrahy,Berhampur,Odisha,BJP,9,37808128,38200000,https://www.myneta.info/LokSabha2024/candidate.php?candidate_id=5309
sangli-vishal-dada-prakashbapu-patil,Vishal (Dada) Prakashbapu Patil,Sangli,Maharashtra,IND,9,299065726,82679549,https://www.myneta.info/LokSabha2024/candidate.php?candidate_id=3856
bansgaon-sc-kamlesh-paswan,Kamlesh Paswan,Bansgaon (SC),Uttar Pradesh,BJP,9,361830259,35283210,https://www.myneta.info/LokSabha2024/candidate.php?candidate_id=8799
bargarh-pradeep-purohit,Pradeep Purohit,Bargarh,Odisha,BJP,8,22595410,676737,https://www.myneta.info/LokSabha2024/candidate.php?candidate_id=7148
godda-nishikant-dubey,Nishikant Dubey,Godda,Jharkhand,BJP,8,746974208,82800000,https://www.myneta.info/LokSabha2024/candidate.php?candidate_id=8770
kendrapara-baijayant-panda,Baijayant Panda,Kendrapara,Odisha,BJP,8,1480878708,9850836,https://www.myneta.info/LokSabha2024/candidate.php?candidate_id=9427
dhenkanal-rudra-narayan-pany,Rudra Narayan Pany,Dhenkanal,Odisha,BJP,8,5676627,0,https://www.myneta.info/LokSabha2024/candidate.php?candidate_id=8008
mandi-kangna-ranaut,Kangna Ranaut,Mandi,Himachal Pradesh,BJP,8,916631239,173886641,https://www.myneta.info/LokSabha2024/candidate.php?candidate_id=8764
ananthapur-ambica-g-lakshminarayana-valmiki,Ambica G Lakshminarayana Valmiki,Ananthapur,Andhra Pradesh,TDP,8,47540056,2119559,https://www.myneta.info/LokSabha2024/candidate.php?candidate_id=5097
sultanpur-rambhual-nishad,Rambhual Nishad,Sultanpur,Uttar Pradesh,SP,8,37405832,363092,https://www.myneta.info/LokSabha2024/candidate.php?candidate_id=8073
saharanpur-imran-masood,Imran Masood,Saharanpur,Uttar Pradesh,INC,8,55502166,0,https://www.myneta.info/LokSabha2024/candidate.php?candidate_id=298
chidambaram-sc-thirumaavalavan-thol,Thirumaavalavan Thol,Chidambaram (SC),Tamil Nadu,Viduthalai Chiruthaigal Katchi,7,24455903,83969,https://www.myneta.info/LokSabha2024/candidate.php?candidate_id=816
maldaha-uttar-khagen-murmu,Khagen Murmu,Maldaha Uttar,West Bengal,BJP,7,13590846,234412,https://www.myneta.info/LokSabha2024/candidate.php?candidate_id=3375
jahanabad-surendra-prasad-yadav,Surendra Prasad Yadav,Jahanabad,Bihar,RJD,7,138754448,0,https://www.myneta.info/LokSabha2024/candidate.php?candidate_id=9601
ratnagiri-sindhudurg-narayan-tatu-rane,Narayan Tatu Rane,Ratnagiri-Sindhudurg,Maharashtra,BJP,7,1088739226,293710906,https://www.myneta.info/LokSabha2024/candidate.php?candidate_id=4619
mumbai-north-central-gaikwad-varsha-eknath,Gaikwad Varsha Eknath,Mumbai North-Central,Maharashtra,INC,7,76848656,10160000,https://www.myneta.info/LokSabha2024/candidate.php?candidate_id=7096
nilgiris-sc-raja-a,Raja A,Nilgiris (SC),Tamil Nadu,DMK,7,69362170,1900484,https://www.myneta.info/LokSabha2024/candidate.php?candidate_id=1167
kasaragod-rajmohan-unnithan,Rajmohan Unnithan,Kasaragod,Kerala,INC,6,32432135,678829,https://www.myneta.info/LokSabha2024/candidate.php?candidate_id=2287
alipurduars-st-manoj-tigga,Manoj Tigga,Alipurduars (ST),West Bengal,BJP,6,5751023,1602698,https://www.myneta.info/LokSabha2024/candidate.php?candidate_id=13
pataliputra-misha-bharti,Misha Bharti,Pataliputra,Bihar,RJD,6,102619562,11462479,https://www.myneta.info/LokSabha2024/candidate.php?candidate_id=9528
sambhal-zia-ur-rehman,Zia Ur Rehman,Sambhal,Uttar Pradesh,SP,6,18967476,0,https://www.myneta.info/LokSabha2024/candidate.php?candidate_id=4084
mahabubabad-st-balram-naik-porika,Balram Naik Porika,Mahabubabad (ST),Telangana,INC,6,29919101,25246063,https://www.myneta.info/LokSabha2024/candidate.php?candidate_id=5297
nellore-prabhakar-reddy-vemireddy,Prabhakar Reddy Vemireddy,Nellore,Andhra Pradesh,TDP,6,7163322265,1972962603,https://www.myneta.info/LokSabha2024/candidate.php?candidate_id=5118
thanjavur-murasoli-s,Murasoli S,Thanjavur,Tamil Nadu,DMK,6,20734393,1713126,https://www.myneta.info/LokSabha2024/candidate.php?candidate_id=1451
nagarkurnool-sc-dr-mallu-ravi,Dr.Mallu Ravi,Nagarkurnool (SC),Telangana,INC,6,523215816,47868830,https://www.myneta.info/LokSabha2024/candidate.php?candidate_id=5241
gaya-sc-jitan-ram-manjhi,Jitan Ram Manjhi,Gaya (SC),Bihar,Hindustani Awam Morcha (Secular),6,3020578,0,https://www.myneta.info/LokSabha2024/candidate.php?candidate_id=1678
mahbubnagar-aruna-d-k,Aruna. D. K,Mahbubnagar,Telangana,BJP,6,667569871,16132436,https://www.myneta.info/LokSabha2024/candidate.php?candidate_id=5236
kanthi-adhikari-soumendu,Adhikari Soumendu,Kanthi,West Bengal,BJP,6,26179993,287970,https://www.myneta.info/LokSabha2024/candidate.php?candidate_id=7922
kottayam-adv-k-francis-george,Adv K Francis George,Kottayam,Kerala,Kerala Congress,5,95196318,1300000,https://www.myneta.info/LokSabha2024/candidate.php?candidate_id=3137
vellore-dm-kathir-anand,Dm Kathir Anand,Vellore,Tamil Nadu,DMK,5,887965643,511658487,https://www.myneta.info/LokSabha2024/candidate.php?candidate_id=216
sambalpur-dharmendra-pradhan,Dharmendra Pradhan,Sambalpur,Odisha,BJP,5,69219190,5337781,https://www.myneta.info/LokSabha2024/candidate.php?candidate_id=8053
kollam-n-k-premachandran,N K Premachandran,Kollam,Kerala,Revolutionary Socialist Party,5,31194899,3800000,https://www.myneta.info/LokSabha2024/candidate.php?candidate_id=3132
chalakudy-benny-behanan,Benny Behanan,Chalakudy,Kerala,INC,5,35020209,7893411,https://www.myneta.info/LokSabha2024/candidate.php?candidate_id=2272
palakkad-v-k-sreekandan,V K Sreekandan,Palakkad,Kerala,INC,5,12421358,5462812,https://www.myneta.info/LokSabha2024/candidate.php?candidate_id=2305
maharajganj-janardan-singh-sigriwal,Janardan Singh (Sigriwal),Maharajganj,Bihar,BJP,5,17536436,0,https://www.myneta.info/LokSabha2024/candidate.php?candidate_id=8177
pathanamthitta-anto-antony,Anto Antony,Pathanamthitta,Kerala,INC,5,12471856,15673065,https://www.myneta.info/LokSabha2024/candidate.php?candidate_id=2309
hyderabad-asaduddin-owaisi,Asaduddin Owaisi,Hyderabad,Telangana,All India Majlis-E-Ittehadul Muslimeen,5,238766044,70500000,https://www.myneta.info/LokSabha2024/candidate.php?candidate_id=5228
bangalore-north-shobha-karandlaje,Shobha Karandlaje,Bangalore North,Karnataka,BJP,5,138866909,40600640,https://www.myneta.info/LokSabha2024/candidate.php?candidate_id=2178
paschim-champaran-dr-sanjay-jaiswal,Dr.Sanjay Jaiswal,Paschim Champaran,Bihar,BJP,5,290535126,13525,https://www.myneta.info/LokSabha2024/candidate.php?candidate_id=7852
anakapalle-c-m-ramesh,C.M.Ramesh,Anakapalle,Andhra Pradesh,BJP,5,4976024996,1016183515,https://www.myneta.info/LokSabha2024/candidate.php?candidate_id=5268
srikakulam-kinjarapu-rammohan-naidu,Kinjarapu Rammohan Naidu,Srikakulam,Andhra Pradesh,TDP,4,233073561,29863859,https://www.myneta.info/LokSabha2024/candidate.php?candidate_id=6620
basti-ram-prasad-chaudhary,Ram Prasad Chaudhary,Basti,Uttar Pradesh,SP,4,98152477,3745441,https://www.myneta.info/LokSabha2024/candidate.php?candidate_id=8150
kandhamal-sukanta-kumar-panigrahi,Sukanta Kumar Panigrahi,Kandhamal,Odisha,BJP,4,7071617,0,https://www.myneta.info/LokSabha2024/candidate.php?candidate_id=7157
kallakurichi-malaiyarasan-d,Malaiyarasan D,Kallakurichi,Tamil Nadu,DMK,4,8716980,0,https://www.myneta.info/LokSabha2024/candidate.php?candidate_id=133
azamgarh-dharmendra-yadav,Dharmendra Yadav,Azamgarh,Uttar Pradesh,SP,4,135032793,34245511,https://www.myneta.info/LokSabha2024/candidate.php?candidate_id=8128
dhaurahra-anand-bhadauriya,Anand Bhadauriya,Dhaurahra,Uttar Pradesh,SP,4,99723807,960867,https://www.myneta.info/LokSabha2024/candidate.php?candidate_id=5215
ranaghat-sc-jagannath-sarkar,Jagannath Sarkar,Ranaghat (SC),West Bengal,BJP,4,22328968,0,https://www.myneta.info/LokSabha2024/candidate.php?candidate_id=5202
thrissur-suresh-gopi,Suresh Gopi,Thrissur,Kerala,BJP,4,185815323,12916425,https://www.myneta.info/LokSabha2024/candidate.php?candidate_id=2125
satara-shrimant-chh-udayanraje-pratapsinhamaharaj-bhonsle,Shrimant Chh Udayanraje Pratapsinhamaharaj Bhonsle,Satara,Maharashtra,BJP,4,2231233939,24463842,https://www.myneta.info/LokSabha2024/candidate.php?candidate_id=4320
araria-pradeep-kumar-singh,Pradeep Kumar Singh,Araria,Bihar,BJP,4,16059806,1679230,https://www.myneta.info/LokSabha2024/candidate.php?candidate_id=3627
aurangabad-bhumare-sandipanrao-asaram,Bhumare Sandipanrao Asaram,Aurangabad,Maharashtra,Shiv Sena,4,103071866,24587200,https://www.myneta.info/LokSabha2024/candidate.php?candidate_id=5323
kozhikode-m-k-raghavan,M. K. Raghavan,Kozhikode,Kerala,INC,4,24936775,12600000,https://www.myneta.info/LokSabha2024/candidate.php?candidate_id=1855
bhopal-alok-sharma,Alok Sharma,Bhopal,Madhya Pradesh,BJP,4,88625237,13024310,https://www.myneta.info/LokSabha2024/candidate.php?candidate_id=3941
bhongir-chamala-kiran-kumar-reddy,Chamala Kiran Kumar Reddy,Bhongir,Telangana,INC,3,287211468,7348373,https://www.myneta.info/LokSabha2024/candidate.php?candidate_id=5299
jagatsinghpur-sc-bibhu-prasad-tarai,Bibhu Prasad Tarai,Jagatsinghpur (SC),Odisha,BJP,3,17974886,950000,https://www.myneta.info/LokSabha2024/candidate.php?candidate_id=9616
pune-murlidhar-mohol,Murlidhar Mohol,Pune,Maharashtra,BJP,3,243244483,148557877,https://www.myneta.info/LokSabha2024/candidate.php?candidate_id=6044
kannauj-akhilesh-yadav,Akhilesh Yadav,Kannauj,Uttar Pradesh,SP,3,420262015,9985548,https://www.myneta.info/LokSabha2024/candidate.php?candidate_id=6236
rampur-mohibbullah,Mohibbullah,Rampur,Uttar Pradesh,SP,3,4505342,0,https://www.myneta.info/LokSabha2024/candidate.php?candidate_id=902
satna-ganesh-singh,Ganesh Singh,Satna,Madhya Pradesh,BJP,3,94681128,22864373,https://www.myneta.info/LokSabha2024/candidate.php?candidate_id=1836
sundargarh-st-jual-oram,Jual Oram,Sundargarh (ST),Odisha,BJP,3,86325870,10361616,https://www.myneta.info/LokSabha2024/candidate.php?candidate_id=7296
solapur-sc-praniti-sushilkumar-shinde,Praniti Sushilkumar Shinde,Solapur (SC),Maharashtra,INC,3,66070402,0,https://www.myneta.info/LokSabha2024/candidate.php?candidate_id=4321
madurai-venkatesan-s,Venkatesan S,Madurai,Tamil Nadu,CPI(M),3,20536639,0,https://www.myneta.info/LokSabha2024/candidate.php?candidate_id=1568
baghpat-dr-rajkumar-sangwan,Dr Rajkumar Sangwan,Baghpat,Uttar Pradesh,Rashtriya Lok Dal,3,4799426,0,https://www.myneta.info/LokSabha2024/candidate.php?candidate_id=1808
koppal-k-rajashekar-basavaraj-hitnal,K. Rajashekar Basavaraj Hitnal,Koppal,Karnataka,INC,3,290429579,126252712,https://www.myneta.info/LokSabha2024/candidate.php?candidate_id=3400
mumbai-north-west-ravindra-dattaram-waikar,Ravindra Dattaram Waikar,Mumbai North-West,Maharashtra,Shiv Sena,3,545049854,44810574,https://www.myneta.info/LokSabha2024/candidate.php?candidate_id=7481
bangalore-south-tejasvi-surya,Tejasvi Surya,Bangalore South,Karnataka,BJP,3,41030489,0,https://www.myneta.info/LokSabha2024/candidate.php?candidate_id=2629
bijnor-chandan-chauhan,Chandan Chauhan,Bijnor,Uttar Pradesh,Rashtriya Lok Dal,3,78426582,2572810,https://www.myneta.info/LokSabha2024/candidate.php?candidate_id=869
mandya-h-d-kumaraswamy,H.D. Kumaraswamy,Mandya,Karnataka,Janata Dal (Secular),3,2172328789,821806608,https://www.myneta.info/LokSabha2024/candidate.php?candidate_id=2651
namakkal-matheswaran-v-s,Matheswaran V S,Namakkal,Tamil Nadu,DMK,3,47297973,5039079,https://www.myneta.info/LokSabha2024/candidate.php?candidate_id=164
baramulla-abdul-rashid-sheikh,Abdul Rashid Sheikh,Baramulla,Jammu and Kashmir,IND,3,15637424,1442558,https://www.myneta.info/LokSabha2024/candidate.php?candidate_id=7591
rajkot-parshottambhai-rupala,Parshottambhai Rupala,Rajkot,Gujarat,BJP,3,174316673,195000,https://www.myneta.info/LokSabha2024/candidate.php?candidate_id=3595
sant-kabir-nagar-laxmikant-pappu-nishad,Laxmikant Pappu Nishad,Sant Kabir Nagar,Uttar Pradesh,SP,3,33728000,3500000,https://www.myneta.info/LokSabha2024/candidate.php?candidate_id=8387
vaishali-veena-devi,Veena Devi,Vaishali,Bihar,Lok Janshakti Party(Ram Vilas),3,467170049,164762876,https://www.myneta.info/LokSabha2024/candidate.php?candidate_id=8070
karakat-raja-ram-singh,Raja Ram Singh,Karakat,Bihar,CPI(ML)(L),3,25919942,1900000,https://www.myneta.info/LokSabha2024/candidate.php?candidate_id=9587
ujiarpur-nityanand-rai,Nityanand Rai,Ujiarpur,Bihar,BJP,3,179527017,1400000,https://www.myneta.info/LokSabha2024/candidate.php?candidate_id=5152
arrah-sudama-prasad,Sudama Prasad,Arrah,Bihar,CPI(ML)(L),3,9098946,2921615,https://www.myneta.info/LokSabha2024/candidate.php?candidate_id=9539
maval-shrirang-appa-chandu-barne,Shrirang Appa Chandu Barne,Maval,Maharashtra,Shiv Sena,3,1318591631,8528711,https://www.myneta.info/LokSabha2024/candidate.php?candidate_id=5325
gandhinagar-amit-shah,Amit Shah,Gandhinagar,Gujarat,BJP,3,656712498,4209587,https://www.myneta.info/LokSabha2024/candidate.php?candidate_id=4427
murshidabad-abu-taher-khan,Abu Taher Khan,Murshidabad,West Bengal,AITC,3,38476131,0,https://www.myneta.info/LokSabha2024/candidate.php?candidate_id=3377
purulia-jyotirmay-singh-mahato,Jyotirmay Singh Mahato,Purulia,West Bengal,BJP,3,595229,0,https://www.myneta.info/LokSabha2024/candidate.php?candidate_id=7961
begusarai-giriraj-singh,Giriraj Singh,Begusarai,Bihar,BJP,3,143169297,9000000,https://www.myneta.info/LokSabha2024/candidate.php?candidate_id=5058
chandauli-birendra-singh,Birendra Singh,Chandauli,Uttar Pradesh,SP,3,188017648,1154113,https://www.myneta.info/LokSabha2024/candidate.php?candidate_id=8803
lalganj-sc-daroga-prasad-saroj,Daroga Prasad Saroj,Lalganj (SC),Uttar Pradesh,SP,3,53876725,0,https://www.myneta.info/LokSabha2024/candidate.php?candidate_id=8140
wayanad-priyanka-gandhi-vadra,Priyanka Gandhi Vadra,Wayanad,Kerala,INC,3,775477352,101905374,https://www.myneta.info/LokSabha2024/candidate.php?candidate_id=9673
ramtek-sc-shyamkumar-daulat-barve,Shyamkumar Daulat Barve,Ramtek (SC),Maharashtra,INC,2,42894953,16152299,https://www.myneta.info/LokSabha2024/candidate.php?candidate_id=675
bareilly-chhatra-pal-singh-gangwar,Chhatra Pal Singh Gangwar,Bareilly,Uttar Pradesh,BJP,2,48788862,7044201,https://www.myneta.info/LokSabha2024/candidate.php?candidate_id=3486
ranchi-sanjay-seth,Sanjay Seth,Ranchi,Jharkhand,BJP,2,24152085,3244306,https://www.myneta.info/LokSabha2024/candidate.php?candidate_id=8561
madhubani-ashok-kumar-yadav,Ashok Kumar Yadav,Madhubani,Bihar,BJP,2,58583773,10224706,https://www.myneta.info/LokSabha2024/candidate.php?candidate_id=7275
giridih-chandra-prakash-choudhary,Chandra Prakash Choudhary,Giridih,Jharkhand,AJSU Party,2,49849182,27031670,https://www.myneta.info/LokSabha2024/candidate.php?candidate_id=8523
chatra-kali-charan-singh,Kali Charan Singh,Chatra,Jharkhand,BJP,2,86201641,40388667,https://www.myneta.info/LokSabha2024/candidate.php?candidate_id=7142
hazaribagh-manish-jaiswal,Manish Jaiswal,Hazaribagh,Jharkhand,BJP,2,362999932,58896276,https://www.myneta.info/LokSabha2024/candidate.php?candidate_id=7144
buldhana-jadhav-prataprao-ganpatrao,Jadhav Prataprao Ganpatrao,Buldhana,Maharashtra,Shiv Sena,2,164260448,1467110,https://www.myneta.info/LokSabha2024/candidate.php?candidate_id=1958
dumka-st-nalin-soren,Nalin Soren,Dumka (ST),Jharkhand,JMM,2,36701249,705299,https://www.myneta.info/LokSabha2024/candidate.php?candidate_id=9321
nandyal-dr-byreddy-shabari,Dr Byreddy Shabari,Nandyal,Andhra Pradesh,TDP,2,147631050,32033423,https://www.myneta.info/LokSabha2024/candidate.php?candidate_id=5114
mirzapur-anupriya-patel,Anupriya Patel,Mirzapur,Uttar Pradesh,Apna Dal (Soneylal),2,42241754,9805603,https://www.myneta.info/LokSabha2024/candidate.php?candidate_id=9380
dewas-sc-mahendra-singh-solanky,Mahendra Singh Solanky,Dewas (SC),Madhya Pradesh,BJP,2,3817399,2711920,https://www.myneta.info/LokSabha2024/candidate.php?candidate_id=5160
bangalore-central-p-c-mohan,P C Mohan,Bangalore Central,Karnataka,BJP,2,813065207,158634664,https://www.myneta.info/LokSabha2024/candidate.php?candidate_id=1866
fatehpur-sikri-rajkumar-chahar,Rajkumar Chahar,Fatehpur Sikri,Uttar Pradesh,BJP,2,34176612,1964321,https://www.myneta.info/LokSabha2024/candidate.php?candidate_id=4223
nabarangpur-st-balabhadra-majhi,Balabhadra Majhi,Nabarangpur (ST),Odisha,BJP,2,78863561,1124732,https://www.myneta.info/LokSabha2024/candidate.php?candidate_id=6335
nalgonda-kunduru-raghuveer,Kunduru Raghuveer,Nalgonda,Telangana,INC,2,355731499,176679000,https://www.myneta.info/LokSabha2024/candidate.php?candidate_id=5294
kolkata-uttar-bandyopadhyay-sudip,Bandyopadhyay Sudip,Kolkata Uttar,West Bengal,AITC,2,84812907,0,https://www.myneta.info/LokSabha2024/candidate.php?candidate_id=9027
diamond-harbour-abhishek-banerjee,Abhishek Banerjee,Diamond Harbour,West Bengal,AITC,2,23264563,3600000,https://www.myneta.info/LokSabha2024/candidate.php?candidate_id=9008
north-east-delhi-manoj-tiwari,Manoj Tiwari,North East Delhi,Delhi,BJP,2,328162601,10171659,https://www.myneta.info/LokSabha2024/candidate.php?candidate_id=7903
machhlishahr-sc-priya-saroj,Priya Saroj,Machhlishahr (SC),Uttar Pradesh,SP,2,1125719,0,https://www.myneta.info/LokSabha2024/candidate.php?candidate_id=8097
purvi-champaran-radha-mohan-singh,Radha Mohan Singh,Purvi Champaran,Bihar,BJP,2,42965416,2941310,https://www.myneta.info/LokSabha2024/candidate.php?candidate_id=7856
dhule-bachhav-shobha-dinesh,Bachhav Shobha Dinesh,Dhule,Maharashtra,INC,2,305035058,21160000,https://www.myneta.info/LokSabha2024/candidate.php?candidate_id=7088
osmanabad-omprakash-bhupalsinh-alias-pavan-rajenimbalkar,Omprakash Bhupalsinh Alias Pavan Rajenimbalkar,Osmanabad,Maharashtra,ShivSena (Uddhav Balasaheb Thackeray),2,75325549,251709,https://www.myneta.info/LokSabha2024/candidate.php?candidate_id=3849
thane-naresh-ganpat-mhaske,Naresh Ganpat Mhaske,Thane,Maharashtra,Shiv Sena,2,262602215,46063890,https://www.myneta.info/LokSabha2024/candidate.php?candidate_id=7462
thoothukkudi-kanimozhi-karunanidhi,Kanimozhi Karunanidhi,Thoothukkudi,Tamil Nadu,DMK,2,604056590,6060187,https://www.myneta.info/LokSabha2024/candidate.php?candidate_id=566
jalna-kalyan-vaijinathrao-kale,Kalyan Vaijinathrao Kale,Jalna,Maharashtra,INC,2,1329206684,159268881,https://www.myneta.info/LokSabha2024/candidate.php?candidate_id=5320
kushi-nagar-vijay-kumar-dubay,Vijay Kumar Dubay,Kushi Nagar,Uttar Pradesh,BJP,2,60174786,0,https://www.myneta.info/LokSabha2024/candidate.php?candidate_id=9114
machilipatnam-balashowry-vallabhaneni,Balashowry Vallabhaneni,Machilipatnam,Andhra Pradesh,Janasena Party,2,1337214564,868102917,https://www.myneta.info/LokSabha2024/candidate.php?candidate_id=6657
darjeeling-raju-bista,Raju Bista,Darjeeling,West Bengal,BJP,2,475357268,2794788,https://www.myneta.info/LokSabha2024/candidate.php?candidate_id=2218
ahmednagar-nilesh-dnyandev-lanke,Nilesh Dnyandev Lanke,Ahmednagar,Maharashtra,Nationalist Congress Party – Sharadchandra Pawar,2,4554561,3748757,https://www.myneta.info/LokSabha2024/candidate.php?candidate_id=5328
ambedkar-nagar-lalji-verma,Lalji Verma,Ambedkar Nagar,Uttar Pradesh,SP,2,110272584,9885979,https://www.myneta.info/LokSabha2024/candidate.php?candidate_id=8171
mohanlalganj-sc-r-k-chaudhary,R.K. Chaudhary,Mohanlalganj (SC),Uttar Pradesh,SP,2,28384459,0,https://www.myneta.info/LokSabha2024/candidate.php?candidate_id=7161
north-west-delhi-sc-yogender-chandoliya,Yogender Chandoliya,North West Delhi (SC),Delhi,BJP,2,27623483,938900,https://www.myneta.info/LokSabha2024/candidate.php?candidate_id=7905
sangrur-gurmeet-singh-hayer,Gurmeet Singh Hayer,Sangrur,Punjab,AAP,2,37416362,0,https://www.myneta.info/LokSabha2024/candidate.php?candidate_id=8730
unnao-swami-sachchidanand-hari-sakshi,Swami Sachchidanand Hari Sakshi,Unnao,Uttar Pradesh,BJP,2,67226281,0,https://www.myneta.info/LokSabha2024/candidate.php?candidate_id=5376
barrackpur-partha-bhowmick,Partha Bhowmick,Barrackpur,West Bengal,AITC,2,54235841,11051557,https://www.myneta.info/LokSabha2024/candidate.php?candidate_id=7118
kadapa-y-s-avinash-reddy,Y. S. Avinash Reddy,Kadapa,Andhra Pradesh,YSRCP,2,404301973,115643913,https://www.myneta.info/LokSabha2024/candidate.php?candidate_id=5111
mathurapur-sc-bapi-haldar,Bapi Haldar,Mathurapur (SC),West Bengal,AITC,1,24530801,58849,https://www.myneta.info/LokSabha2024/candidate.php?candidate_id=9088
salem-selvaganapathi-t-m,Selvaganapathi T M,Salem,Tamil Nadu,DMK,1,754021976,261456676,https://www.myneta.info/LokSabha2024/candidate.php?candidate_id=176
khammam-ramasahayam-raghuram-reddy,Ramasahayam Raghuram Reddy,Khammam,Telangana,INC,1,582770537,95482677,https://www.myneta.info/LokSabha2024/candidate.php?candidate_id=5716
sitamarhi-devesh-chandra-thakur,Devesh Chandra Thakur,Sitamarhi,Bihar,JD(U),1,88465387,0,https://www.myneta.info/LokSabha2024/candidate.php?candidate_id=7129
adilabad-st-godam-nagesh,Godam Nagesh,Adilabad (ST),Telangana,BJP,1,30916833,2901575,https://www.myneta.info/LokSabha2024/candidate.php?candidate_id=5395
bolangir-sangeeta-kumari-singh-deo,Sangeeta Kumari Singh Deo,Bolangir,Odisha,BJP,1,673060630,7500000,https://www.myneta.info/LokSabha2024/candidate.php?candidate_id=7154
muzaffarnagar-harendra-singh-malik,Harendra Singh Malik,Muzaffarnagar,Uttar Pradesh,SP,1,90780765,1129635,https://www.myneta.info/LokSabha2024/candidate.php?candidate_id=286
keonjhar-st-ananta-nayak,Ananta Nayak,Keonjhar (ST),Odisha,BJP,1,8486265,176548,https://www.myneta.info/LokSabha2024/candidate.php?candidate_id=8000
tiruppur-k-subbarayan,K Subbarayan,Tiruppur,Tamil Nadu,CPI,1,10431271,150462,https://www.myneta.info/LokSabha2024/candidate.php?candidate_id=204
guntur-dr-chandra-sekhar-pemmasani,Dr Chandra Sekhar Pemmasani,Guntur,Andhra Pradesh,TDP,1,57054727538,10380000000,https://www.myneta.info/LokSabha2024/candidate.php?candidate_id=5106
khajuraho-vishnu-datt-sharma-v-d-sharma,Vishnu Datt Sharma (V.D.Sharma),Khajuraho,Madhya Pradesh,BJP,1,49262858,18438272,https://www.myneta.info/LokSabha2024/candidate.php?candidate_id=2455
sidhi-dr-rajesh-mishra,Dr. Rajesh Mishra,Sidhi,Madhya Pradesh,BJP,1,144008066,18427959,https://www.myneta.info/LokSabha2024/candidate.php?candidate_id=1
vidisha-shivraj-singh-chouhan,Shivraj Singh Chouhan,Vidisha,Madhya Pradesh,BJP,1,89852874,6411905,https://www.myneta.info/LokSabha2024/candidate.php?candidate_id=4448
nanded-vasantrao-balwantrao-chavan,Vasantrao Balwantrao Chavan,Nanded,Maharashtra,INC,1,36785180,1423663,https://www.myneta.info/LokSabha2024/candidate.php?candidate_id=1782
bhilwara-damodar-agarwal,Damodar Agarwal,Bhilwara,Rajasthan,BJP,1,71392415,3320600,https://www.myneta.info/LokSabha2024/candidate.php?candidate_id=2743
barpeta-phani-bhusan-choudhury,Phani Bhusan Choudhury,Barpeta,Assam,Asom Gana Parishad,1,32806601,1564895,https://www.myneta.info/LokSabha2024/candidate.php?candidate_id=4099
howrah-prasun-banerjee,Prasun Banerjee,Howrah,West Bengal,AITC,1,10360134,0,https://www.myneta.info/LokSabha2024/candidate.php?candidate_id=7195
kokrajhar-st-joyanta-basumatary,Joyanta Basumatary,Kokrajhar (ST),Assam,"United Peoples Party, Liberal",1,22865797,0,https://www.myneta.info/LokSabha2024/candidate.php?candidate_id=3672
cuddalore-m-k-vishnuprasad,M.K. Vishnuprasad,Cuddalore,Tamil Nadu,INC,1,251978580,51111885,https://www.myneta.info/LokSabha2024/candidate.php?candidate_id=554
tirunelveli-robert-bruce-c,Robert Bruce C,Tirunelveli,Tamil Nadu,INC,1,92662888,1022299,https://www.myneta.info/LokSabha2024/candidate.php?candidate_id=1480
nagapattinam-sc-selvaraj-v,Selvaraj V,Nagapattinam (SC),Tamil Nadu,CPI,1,11062368,2853957,https://www.myneta.info/LokSabha2024/candidate.php?candidate_id=161
ramanathapuram-k-navaskani,K Navaskani,Ramanathapuram,Tamil Nadu,Indian Union Muslim League,1,761430420,63104822,https://www.myneta.info/LokSabha2024/candidate.php?candidate_id=234
jorhat-gaurav-gogoi,Gaurav Gogoi,Jorhat,Assam,INC,1,49061120,0,https://www.myneta.info/LokSabha2024/candidate.php?candidate_id=260
virudhunagar-manickam-tagore-b,Manickam Tagore B,Virudhunagar,Tamil Nadu,INC,1,61719802,8797705,https://www.myneta.info/LokSabha2024/candidate.php?candidate_id=230
mumbai-south-arvind-ganpat-sawant,Arvind Ganpat Sawant,Mumbai South,Maharashtra,ShivSena (Uddhav Balasaheb Thackeray),1,50485191,0,https://www.myneta.info/LokSabha2024/candidate.php?candidate_id=7097
zahirabad-suresh-kumar-shetkar,Suresh Kumar Shetkar,Zahirabad,Telangana,INC,1,107711726,6447401,https://www.myneta.info/LokSabha2024/candidate.php?candidate_id=5254
coimbatore-ganapathy-rajkumar-p,Ganapathy Rajkumar P,Coimbatore,Tamil Nadu,DMK,1,890397608,33284669,https://www.myneta.info/LokSabha2024/candidate.php?candidate_id=1352
darbhanga-gopal-jee-thakur,Gopal Jee Thakur,Darbhanga,Bihar,BJP,1,39078830,6875610,https://www.myneta.info/LokSabha2024/candidate.php?candidate_id=5055
krishnanagar-mahua-moitra,Mahua Moitra,Krishnanagar,West Bengal,AITC,1,35067166,0,https://www.myneta.info/LokSabha2024/candidate.php?candidate_id=5085
khandwa-gyaneshwar-patil,Gyaneshwar Patil,Khandwa,Madhya Pradesh,BJP,1,72237099,5446068,https://www.myneta.info/LokSabha2024/candidate.php?candidate_id=5069
dum-dum-sougata-ray,Sougata Ray,Dum Dum,West Bengal,AITC,1,51230026,0,https://www.myneta.info/LokSabha2024/candidate.php?candidate_id=8964
supaul-dileshwar-kamait,Dileshwar Kamait,Supaul,Bihar,JD(U),1,36191958,0,https://www.myneta.info/LokSabha2024/candidate.php?candidate_id=3589
pollachi-eswarasamy-k,Eswarasamy K,Pollachi,Tamil Nadu,DMK,1,345276957,94557521,https://www.myneta.info/LokSabha2024/candidate.php?candidate_id=174
burdwan-durgapur-azad-kirti-jha,Azad Kirti Jha,Burdwan-Durgapur,West Bengal,AITC,1,102014033,5738812,https://www.myneta.info/LokSabha2024/candidate.php?candidate_id=5195
akola-anup-sanjay-dhotre,Anup Sanjay Dhotre,Akola,Maharashtra,BJP,1,109259962,37201641,https://www.myneta.info/LokSabha2024/candidate.php?candidate_id=2367
karur-jothimani-s,Jothimani. S,Karur,Tamil Nadu,INC,1,15352373,1454722,https://www.myneta.info/LokSabha2024/candidate.php?candidate_id=1264
rajahmundry-daggubati-purandheshwari,Daggubati Purandheshwari,Rajahmundry,Andhra Pradesh,BJP,1,625041146,69860440,https://www.myneta.info/LokSabha2024/candidate.php?candidate_id=5122
junagadh-chudasama-rajeshbhai-naranbhai,Chudasama Rajeshbhai Naranbhai,Junagadh,Gujarat,BJP,1,33452812,989043,https://www.myneta.info/LokSabha2024/candidate.php?candidate_id=3766
lohardaga-st-sukhdeo-bhagat,Sukhdeo Bhagat,Lohardaga (ST),Jharkhand,INC,1,24688449,12414241,https://www.myneta.info/LokSabha2024/candidate.php?candidate_id=6277
hamirpur-anurag-singh-thakur,Anurag Singh Thakur,Hamirpur,Himachal Pradesh,BJP,1,122663406,14374994,https://www.myneta.info/LokSabha2024/candidate.php?candidate_id=8760
jamshedpur-bidyut-baran-mahato,Bidyut Baran Mahato,Jamshedpur,Jharkhand,BJP,1,38345063,4849078,https://www.myneta.info/LokSabha2024/candidate.php?candidate_id=8563
etah-devesh-shakya,Devesh Shakya,Etah,Uttar Pradesh,SP,1,34061340,442323,https://www.myneta.info/LokSabha2024/candidate.php?candidate_id=3703
hassan-shreyas-m-patel,Shreyas. M. Patel,Hassan,Karnataka,INC,1,426710045,8880873,https://www.myneta.info/LokSabha2024/candidate.php?candidate_id=1890
tumkur-v-somanna,V. Somanna,Tumkur,Karnataka,BJP,1,607805215,226300461,https://www.myneta.info/LokSabha2024/candidate.php?candidate_id=1904
kakinada-tangella-uday-srinivas-tea-time-uday,Tangella Uday Srinivas (Tea Time Uday),Kakinada,Andhra Pradesh,Janasena Party,1,311535620,36210120,https://www.myneta.info/LokSabha2024/candidate.php?candidate_id=5302
dharmapuri-mani-a,Mani. A.,Dharmapuri,Tamil Nadu,DMK,1,86564403,21287262,https://www.myneta.info/LokSabha2024/candidate.php?candidate_id=121
sitapur-rakesh-rathor,Rakesh Rathor,Sitapur,Uttar Pradesh,INC,1,42107005,8288936,https://www.myneta.info/LokSabha2024/candidate.php?candidate_id=5381
south-delhi-ramvir-singh-bidhuri,Ramvir Singh Bidhuri,South Delhi,Delhi,BJP,1,526419941,1000000,https://www.myneta.info/LokSabha2024/candidate.php?candidate_id=7907
south-goa-captain-viriato-fernandes,Captain Viriato Fernandes,South Goa,Goa,INC,1,52728999,379840,https://www.myneta.info/LokSabha2024/candidate.php?candidate_id=3876
nagaur-hanuman-beniwal,Hanuman Beniwal,Nagaur,Rajasthan,Rashtriya Loktantrik Party,1,8110760,0,https://www.myneta.info/LokSabha2024/candidate.php?candidate_id=454
faizabad-awadhesh-prasad,Awadhesh Prasad,Faizabad,Uttar Pradesh,SP,1,52967071,1000000,https://www.myneta.info/LokSabha2024/candidate.php?candidate_id=7190
karauli-dholpur-sc-bhajan-lal-jatav,Bhajan Lal Jatav,Karauli-dholpur (SC),Rajasthan,INC,1,33282184,18978157,https://www.myneta.info/LokSabha2024/candidate.php?candidate_id=451
chhota-udaipur-st-jashubhai-bhilubhai-rathva,Jashubhai Bhilubhai Rathva,Chhota Udaipur (ST),Gujarat,BJP,1,16589045,1940506,https://www.myneta.info/LokSabha2024/candidate.php?candidate_id=3744
banswara-st-raj-kumar-roat,Raj Kumar Roat,Banswara (ST),Rajasthan,Bharat Adivasi Party,1,11731679,2971833,https://www.myneta.info/LokSabha2024/candidate.php?candidate_id=1771
chamarajanagar-sc-sunil-bose,Sunil Bose,Chamarajanagar (SC),Karnataka,INC,1,78466251,55678947,https://www.myneta.info/LokSabha2024/candidate.php?candidate_id=2193
domariyaganj-jagdambika-pal,Jagdambika Pal,Domariyaganj,Uttar Pradesh,BJP,1,193536623,7487022,https://www.myneta.info/LokSabha2024/candidate.php?candidate_id=8151
banaskantha-geniben-nagaji-thakor,Geniben Nagaji Thakor,Banaskantha,Gujarat,INC,1,8533965,627886,https://www.myneta.info/LokSabha2024/candidate.php?candidate_id=3453
kolar-sc-m-mallesh-babu,M. Mallesh Babu,Kolar (SC),Karnataka,Janata Dal (Secular),1,238631536,34492248,https://www.myneta.info/LokSabha2024/candidate.php?candidate_id=1894
bhubaneswar-aparajita-sarangi,Aparajita Sarangi,Bhubaneswar,Odisha,BJP,1,46254213,0,https://www.myneta.info/LokSabha2024/candidate.php?candidate_id=8040
puri-sambit-patra,Sambit Patra,Puri,Odisha,BJP,1,19806997,0,https://www.myneta.info/LokSabha2024/candidate.php?candidate_id=8026
alappuzha-k-c-venugopal,K. C Venugopal,Alappuzha,Kerala,INC,1,36342460,272817,https://www.myneta.info/LokSabha2024/candidate.php?candidate_id=3079
mayurbhanj-st-naba-charan-majhi,Naba Charan Majhi,Mayurbhanj (ST),Odisha,BJP,1,7407000,0,https://www.myneta.info/LokSabha2024/candidate.php?candidate_id=9392
rajnandgaon-santosh-pandey,Santosh Pandey,Rajnandgaon,Chhattisgarh,BJP,1,42916375,3229688,https://www.myneta.info/LokSabha2024/candidate.php?candidate_id=1936
amroha-kanwar-singh-tanwar,Kanwar Singh Tanwar,Amroha,Uttar Pradesh,BJP,1,2147933326,19897537,https://www.myneta.info/LokSabha2024/candidate.php?candidate_id=1807
ponnani-dr-m-p-abdussamad-samadani,Dr. M.P Abdussamad Samadani,Ponnani,Kerala,Indian Union Muslim League,1,21977344,0,https://www.myneta.info/LokSabha2024/candidate.php?candidate_id=2310
malappuram-e-t-mohammed-basheer,E.T. Mohammed Basheer,Malappuram,Kerala,Indian Union Muslim League,1,20252293,0,https://www.myneta.info/LokSabha2024/candidate.php?candidate_id=2303
shimoga-b-y-raghavendra,B.Y.Raghavendra,Shimoga,Karnataka,BJP,1,737145310,136106691,https://www.myneta.info/LokSabha2024/candidate.php?candidate_id=4005
sasaram-sc-manoj-kumar,Manoj Kumar,Sasaram (SC),Bihar,INC,1,32491416,2400000,https://www.myneta.info/LokSabha2024/candidate.php?candidate_id=9567
cooch-behar-sc-jagadish-chandra-barma-basunia,Jagadish Chandra Barma Basunia,Cooch Behar (SC),West Bengal,AITC,1,26907638,0,https://www.myneta.info/LokSabha2024/candidate.php?candidate_id=957
kolkata-dakshin-mala-roy,Mala Roy,Kolkata Dakshin,West Bengal,AITC,1,15397092,795517,https://www.myneta.info/LokSabha2024/candidate.php?candidate_id=9045
hathras-sc-anoop-pradhan-balmiki,Anoop Pradhan Balmiki,Hathras (SC),Uttar Pradesh,BJP,1,41363952,17100000,https://www.myneta.info/LokSabha2024/candidate.php?candidate_id=3697
bulandshahr-sc-dr-bhola-singh,Dr Bhola Singh,Bulandshahr (SC),Uttar Pradesh,BJP,1,36017232,6642427,https://www.myneta.info/LokSabha2024/candidate.php?candidate_id=2502
cuttack-bhartruhari-mahtab,Bhartruhari Mahtab,Cuttack,Odisha,BJP,1,199052798,0,https://www.myneta.info/LokSabha2024/candidate.php?candidate_id=8022
ghosi-rajeev-rai,Rajeev Rai,Ghosi,Uttar Pradesh,SP,1,494188267,62952119,https://www.myneta.info/LokSabha2024/candidate.php?candidate_id=9348
gulbarga-sc-radhakrishna,Radhakrishna,Gulbarga (SC),Karnataka,INC,1,533899960,72386247,https://www.myneta.info/LokSabha2024/candidate.php?candidate_id=3398
medinipur-june-maliah,June Maliah,Medinipur,West Bengal,AITC,0,66018642,17920738,https://www.myneta.info/LokSabha2024/candidate.php?candidate_id=7950
udaipur-st-manna-lal-rawat,Manna Lal Rawat,Udaipur (ST),Rajasthan,BJP,0,27125206,242000,https://www.myneta.info/LokSabha2024/candidate.php?candidate_id=1854
pali-p-p-chaudhary,P. P. Chaudhary,Pali,Rajasthan,BJP,0,407176661,19486942,https://www.myneta.info/LokSabha2024/candidate.php?candidate_id=2574
jalore-lumbaram,Lumbaram,Jalore,Rajasthan,BJP,0,19587446,626171,https://www.myneta.info/LokSabha2024/candidate.php?candidate_id=2557
jodhpur-gajendra-singh-shekhawat,Gajendra Singh Shekhawat,Jodhpur,Rajasthan,BJP,0,193027658,19862350,https://www.myneta.info/LokSabha2024/candidate.php?candidate_id=1843
bankura-arup-chakraborty,Arup Chakraborty,Bankura,West Bengal,AITC,0,171911710,65685037,https://www.myneta.info/LokSabha2024/candidate.php?candidate_id=7977
barmer-ummeda-ram-beniwal,Ummeda Ram Beniwal,Barmer,Rajasthan,INC,0,192765969,66244492,https://www.myneta.info/LokSabha2024/candidate.php?candidate_id=2547
rajsamand-mahima-kumari-mewar,Mahima Kumari Mewar,Rajsamand,Rajasthan,BJP,0,11376000,0,https://www.myneta.info/LokSabha2024/candidate.php?candidate_id=2577
kota-om-birla,Om Birla,Kota,Rajasthan,BJP,0,106206645,0,https://www.myneta.info/LokSabha2024/candidate.php?candidate_id=2567
tiruvannamalai-c-n-annadurai,C N Annadurai,Tiruvannamalai,Tamil Nadu,DMK,0,203686311,19156956,https://www.myneta.info/LokSabha2024/candidate.php?candidate_id=1155
krishnagiri-gopinath-k,Gopinath K,Krishnagiri,Tamil Nadu,INC,0,123405500,11498082,https://www.myneta.info/LokSabha2024/candidate.php?candidate_id=1531
perambalur-arun-nehru,Arun Nehru,Perambalur,Tamil Nadu,DMK,0,816197502,191395432,https://www.myneta.info/LokSabha2024/candidate.php?candidate_id=16
erode-k-e-prakash,K E Prakash,Erode,Tamil Nadu,DMK,0,100426890,3953159,https://www.myneta.info/LokSabha2024/candidate.php?candidate_id=127
jaynagar-sc-pratima-mondal,Pratima Mondal,Jaynagar (SC),West Bengal,AITC,0,68970051,0,https://www.myneta.info/LokSabha2024/candidate.php?candidate_id=9628
viluppuram-sc-ravikumar-d,Ravikumar. D,Viluppuram (SC),Tamil Nadu,Viduthalai Chiruthaigal Katchi,0,9787136,0,https://www.myneta.info/LokSabha2024/candidate.php?candidate_id=221
sriperumbudur-t-r-baalu,T R Baalu,Sriperumbudur,Tamil Nadu,DMK,0,457302056,80646000,https://www.myneta.info/LokSabha2024/candidate.php?candidate_id=184
andaman-and-nicobar-islands-bishnu-pada-ray,Bishnu Pada Ray,Andaman And Nicobar Islands,Andaman and Nicobar Islands,BJP,0,27439170,302788,https://www.myneta.info/LokSabha2024/candidate.php?candidate_id=17
chennai-south-sumathy-t,Sumathy T,Chennai South,Tamil Nadu,DMK,0,148658298,17199881,https://www.myneta.info/LokSabha2024/candidate.php?candidate_id=100
kancheepuram-sc-selvam-g,Selvam. G,Kancheepuram (SC),Tamil Nadu,DMK,0,23615126,3112213,https://www.myneta.info/LokSabha2024/candidate.php?candidate_id=134
tiruvallur-sc-sasikanth-senthil,Sasikanth Senthil,Tiruvallur (SC),Tamil Nadu,INC,0,22107297,0,https://www.myneta.info/LokSabha2024/candidate.php?candidate_id=1464
tiruchirappalli-durai-vaiko,Durai Vaiko,Tiruchirappalli,Tamil Nadu,Marumalarchi Dravida Munnetra Kazhagam,0,359084317,25569046,https://www.myneta.info/LokSabha2024/candidate.php?candidate_id=196
sikkim-indra-hang-subba,Indra Hang Subba,Sikkim,Sikkim,Sikkim Krantikari Morcha,0,14845772,5000000,https://www.myneta.info/LokSabha2024/candidate.php?candidate_id=484
jhalawar-baran-dushyant-singh,Dushyant Singh,Jhalawar-baran,Rajasthan,BJP,0,389308540,86593973,https://www.myneta.info/LokSabha2024/candidate.php?candidate_id=2013
arani-tharaniventhan-m-s,Tharaniventhan M S,Arani,Tamil Nadu,DMK,0,17161977,3563277,https://www.myneta.info/LokSabha2024/candidate.php?candidate_id=703
shahjahanpur-sc-arun-kumar-sagar,Arun Kumar Sagar,Shahjahanpur (SC),Uttar Pradesh,BJP,0,58317453,2521626,https://www.myneta.info/LokSabha2024/candidate.php?candidate_id=5206
aonla-neeraj-maurya,Neeraj Maurya,Aonla,Uttar Pradesh,SP,0,117839772,4419730,https://www.myneta.info/LokSabha2024/candidate.php?candidate_id=3586
bhadohi-dr-vinod-kumar-bind,Dr. Vinod Kumar Bind,Bhadohi,Uttar Pradesh,BJP,0,105766111,29313481,https://www.myneta.info/LokSabha2024/candidate.php?candidate_id=8081
badaun-aditya-yadav,Aditya Yadav,Badaun,Uttar Pradesh,SP,0,146267852,23713481,https://www.myneta.info/LokSabha2024/candidate.php?candidate_id=3490
mainpuri-dimple-yadav,Dimple Yadav,Mainpuri,Uttar Pradesh,SP,0,420262015,9985548,https://www.myneta.info/LokSabha2024/candidate.php?candidate_id=3607
maharajganj-pankaj-chaudhary,Pankaj Chaudhary,Maharajganj,Uttar Pradesh,BJP,0,419010509,38247129,https://www.myneta.info/LokSabha2024/candidate.php?candidate_id=8774
gorakhpur-ravindra-shukla-alias-ravi-kishan,Ravindra Shukla Alias Ravi Kishan,Gorakhpur,Uttar Pradesh,BJP,0,433235340,17814634,https://www.myneta.info/LokSabha2024/candidate.php?candidate_id=8791
allahabad-ujjwal-raman-singh,Ujjwal Raman Singh,Allahabad,Uttar Pradesh,INC,0,268988675,11996527,https://www.myneta.info/LokSabha2024/candidate.php?candidate_id=8371
agra-sc-prof-s-p-singh-baghel,Prof S P Singh Baghel,Agra (SC),Uttar Pradesh,BJP,0,104358691,5170325,https://www.myneta.info/LokSabha2024/candidate.php?candidate_id=3493
mathura-hemamalini-dharmendra-deol,Hemamalini Dharmendra Deol,Mathura,Uttar Pradesh,BJP,0,2789368227,79189097,https://www.myneta.info/LokSabha2024/candidate.php?candidate_id=2797
aligarh-satish-kumar-gautam,Satish Kumar Gautam,Aligarh,Uttar Pradesh,BJP,0,160624125,46570044,https://www.myneta.info/LokSabha2024/candidate.php?candidate_id=1806
salempur-ramashankar-rajbhar,Ramashankar Rajbhar,Salempur,Uttar Pradesh,SP,0,76085514,1000000,https://www.myneta.info/LokSabha2024/candidate.php?candidate_id=9455
gautam-buddha-nagar-dr-mahesh-sharma,Dr. Mahesh Sharma,Gautam Buddha Nagar,Uttar Pradesh,BJP,0,838209103,22689478,https://www.myneta.info/LokSabha2024/candidate.php?candidate_id=2512
kheri-utkarsh-verma-madhur,Utkarsh Verma (Madhur),Kheri,Uttar Pradesh,SP,0,48296178,4814945,https://www.myneta.info/LokSabha2024/candidate.php?candidate_id=5211
hardoi-sc-jai-prakash,Jai Prakash,Hardoi (SC),Uttar Pradesh,BJP,0,303974608,52512656,https://www.myneta.info/LokSabha2024/candidate.php?candidate_id=5076
misrikh-sc-ashok-kumar-rawat,Ashok Kumar Rawat,Misrikh (SC),Uttar Pradesh,BJP,0,129670318,24861056,https://www.myneta.info/LokSabha2024/candidate.php?candidate_id=5077
shrawasti-ram-shiromani-verma,Ram Shiromani Verma,Shrawasti,Uttar Pradesh,SP,0,73638343,100000,https://www.myneta.info/LokSabha2024/candidate.php?candidate_id=8159
kaiserganj-karan-bhushan-singh,Karan Bhushan Singh,Kaiserganj,Uttar Pradesh,BJP,0,495681640,229359344,https://www.myneta.info/LokSabha2024/candidate.php?candidate_id=7440
kaushambi-sc-pushpendra-saroj,Pushpendra Saroj,Kaushambi (SC),Uttar Pradesh,SP,0,15231655,5000000,https://www.myneta.info/LokSabha2024/candidate.php?candidate_id=7611
fatehpur-naresh-chandra-uttam-patel,Naresh Chandra Uttam Patel,Fatehpur,Uttar Pradesh,SP,0,49348208,0,https://www.myneta.info/LokSabha2024/candidate.php?candidate_id=7595
banda-krishna-devi-shivshanker-patel,Krishna Devi Shivshanker Patel,Banda,Uttar Pradesh,SP,0,36285237,1994000,https://www.myneta.info/LokSabha2024/candidate.php?candidate_id=7448
hamirpur-ajendra-singh-lodhi,Ajendra Singh Lodhi,Hamirpur,Uttar Pradesh,SP,0,50237175,7485000,https://www.myneta.info/LokSabha2024/candidate.php?candidate_id=7179
jhansi-anurag-sharma,Anurag Sharma,Jhansi,Uttar Pradesh,BJP,0,2120765800,14948530,https://www.myneta.info/LokSabha2024/candidate.php?candidate_id=7176
jalaun-sc-narayan-das-ahirwar,Narayan Das Ahirwar,Jalaun (SC),Uttar Pradesh,SP,0,73603801,600000,https://www.myneta.info/LokSabha2024/candidate.php?candidate_id=7173
bahraich-sc-anand-kumar,Anand Kumar,Bahraich (SC),Uttar Pradesh,BJP,0,92623979,14128198,https://www.myneta.info/LokSabha2024/candidate.php?candidate_id=5217
kanpur-ramesh-awasthi,Ramesh Awasthi,Kanpur,Uttar Pradesh,BJP,0,52936608,6148728,https://www.myneta.info/LokSabha2024/candidate.php?candidate_id=5080
etawah-sc-jitendra-kumar-dohare,Jitendra Kumar Dohare,Etawah (SC),Uttar Pradesh,SP,0,62250170,3168054,https://www.myneta.info/LokSabha2024/candidate.php?candidate_id=5079
farrukhabad-mukesh-rajput,Mukesh Rajput,Farrukhabad,Uttar Pradesh,BJP,0,93680840,0,https://www.myneta.info/LokSabha2024/candidate.php?candidate_id=5214
ghaziabad-atul-garg,Atul Garg,Ghaziabad,Uttar Pradesh,BJP,0,269782311,12901326,https://www.myneta.info/LokSabha2024/candidate.php?candidate_id=2518
meerut-arun-govil,Arun Govil,Meerut,Uttar Pradesh,BJP,0,144400261,1464028,https://www.myneta.info/LokSabha2024/candidate.php?candidate_id=1923
varanasi-narendra-modi,Narendra Modi,Varanasi,Uttar Pradesh,BJP,0,30206889,0,https://www.myneta.info/LokSabha2024/candidate.php?candidate_id=8974
bardhaman-purba-sc-dr-sharmila-sarkar,Dr. Sharmila Sarkar,Bardhaman Purba (SC),West Bengal,AITC,0,54978907,0,https://www.myneta.info/LokSabha2024/candidate.php?candidate_id=5087
asansol-shatrughan-prasad-sinha,Shatrughan Prasad Sinha,Asansol,West Bengal,AITC,0,2105041638,176081710,https://www.myneta.info/LokSabha2024/candidate.php?candidate_id=5179
bolpur-asit-kumar-mal,Asit Kumar Mal,Bolpur,West Bengal,AITC,0,11257405,464417,https://www.myneta.info/LokSabha2024/candidate.php?candidate_id=5192
birbhum-satabdi-roy,Satabdi Roy,Birbhum,West Bengal,AITC,0,109245500,20171392,https://www.myneta.info/LokSabha2024/candidate.php?candidate_id=5187
peddapalle-sc-vamsi-krishna-gaddam,Vamsi Krishna Gaddam,Peddapalle (SC),Telangana,INC,0,240976163,1776000,https://www.myneta.info/LokSabha2024/candidate.php?candidate_id=5248
pilibhit-jitin-prasada,Jitin Prasada,Pilibhit,Uttar Pradesh,BJP,0,298925408,0,https://www.myneta.info/LokSabha2024/candidate.php?candidate_id=899
uluberia-sajda-ahmed,Sajda Ahmed,Uluberia,West Bengal,AITC,0,44042025,0,https://www.myneta.info/LokSabha2024/candidate.php?candidate_id=7200
sreerampur-kalyan-banerjee,Kalyan Banerjee,Sreerampur,West Bengal,AITC,0,305479471,1360398,https://www.myneta.info/LokSabha2024/candidate.php?candidate_id=7205
hooghly-rachna-banerjee,Rachna Banerjee,Hooghly,West Bengal,AITC,0,355317030,0,https://www.myneta.info/LokSabha2024/candidate.php?candidate_id=7209
tenkasi-sc-dr-rani-sri-kumar,Dr Rani Sri Kumar,Tenkasi (SC),Tamil Nadu,DMK,0,21375000,988040,https://www.myneta.info/LokSabha2024/candidate.php?candidate_id=1440
tamluk-abhijit-gangopadhyay,Abhijit Gangopadhyay,Tamluk,West Bengal,BJP,0,46255624,5077654,https://www.myneta.info/LokSabha2024/candidate.php?candidate_id=7912
ghatal-adhikari-deepak-dev,Adhikari Deepak (Dev),Ghatal,West Bengal,AITC,0,371347069,28603907,https://www.myneta.info/LokSabha2024/candidate.php?candidate_id=7933
baharampur-pathan-yusuf,Pathan Yusuf,Baharampur,West Bengal,AITC,0,456304016,119670558,https://www.myneta.info/LokSabha2024/candidate.php?candidate_id=5183
warangal-sc-kadiyam-kavya,Kadiyam Kavya,Warangal (SC),Telangana,INC,0,15501028,10259201,https://www.myneta.info/LokSabha2024/candidate.php?candidate_id=5252
tripura-west-biplab-kumar-deb,Biplab Kumar Deb,Tripura West,Tripura,BJP,0,49923347,0,https://www.myneta.info/LokSabha2024/candidate.php?candidate_id=1156
robertsganj-sc-chhotelal,Chhotelal,Robertsganj (SC),Uttar Pradesh,SP,0,19997783,6954692,https://www.myneta.info/LokSabha2024/candidate.php?candidate_id=9098
jalpaiguri-sc-dr-jayanta-kumar-roy,Dr Jayanta Kumar Roy,Jalpaiguri (SC),West Bengal,BJP,0,19356558,56196,https://www.myneta.info/LokSabha2024/candidate.php?candidate_id=970
maldaha-dakshin-isha-khan-choudhury,Isha Khan Choudhury,Maldaha Dakshin,West Bengal,INC,0,14810368,0,https://www.myneta.info/LokSabha2024/candidate.php?candidate_id=3465
moradabad-ruchi-vira,Ruchi Vira,Moradabad,Uttar Pradesh,SP,0,280588320,0,https://www.myneta.info/LokSabha2024/candidate.php?candidate_id=877
jangipur-khalilur-rahaman,Khalilur Rahaman,Jangipur,West Bengal,AITC,0,514346283,9570794,https://www.myneta.info/LokSabha2024/candidate.php?candidate_id=3378
amethi-kishori-lal,Kishori Lal,Amethi,Uttar Pradesh,INC,0,127688722,46996348,https://www.myneta.info/LokSabha2024/candidate.php?candidate_id=7521
kairana-iqra-choudhary,Iqra Choudhary,Kairana,Uttar Pradesh,SP,0,6874858,884157,https://www.myneta.info/LokSabha2024/candidate.php?candidate_id=289
haridwar-trivendra-singh-rawat,Trivendra Singh Rawat,Haridwar,Uttarakhand,BJP,0,67552039,7500000,https://www.myneta.info/LokSabha2024/candidate.php?candidate_id=277
nainital-udham-singh-nagar-ajay-bhatt,Ajay Bhatt,Nainital-udham Singh Nagar,Uttarakhand,BJP,0,48714988,1905347,https://www.myneta.info/LokSabha2024/candidate.php?candidate_id=997
almora-sc-ajay-tamta,Ajay Tamta,Almora (SC),Uttarakhand,BJP,0,12381663,1909642,https://www.myneta.info/LokSabha2024/candidate.php?candidate_id=20
tehri-garhwal-mala-rajya-lakshmi-shah,Mala Rajya Lakshmi Shah,Tehri Garhwal,Uttarakhand,BJP,0,2068739424,179000000,https://www.myneta.info/LokSabha2024/candidate.php?candidate_id=283
tripura-east-st-kriti-devi-debbarman,Kriti Devi Debbarman,Tripura East (ST),Tripura,BJP,0,859232932,1525809,https://www.myneta.info/LokSabha2024/candidate.php?candidate_id=1765
jhargram-st-kalipada-saren-kherwal,Kalipada Saren Kherwal,Jhargram (ST),West Bengal,AITC,0,13023236,205892,https://www.myneta.info/LokSabha2024/candidate.php?candidate_id=7941
korba-jyotsna-charandas-mahant,Jyotsna Charandas Mahant,Korba,Chhattisgarh,INC,0,179626733,500000,https://www.myneta.info/LokSabha2024/candidate.php?candidate_id=3647
sabarkantha-shobhanaben-mahendrasinh-baraiya,Shobhanaben Mahendrasinh Baraiya,Sabarkantha,Gujarat,BJP,0,31828842,12744653,https://www.myneta.info/LokSabha2024/candidate.php?candidate_id=3782
ahmedabad-east-hasmukhbhai-patel-h-s-patel,Hasmukhbhai Patel (H.S.Patel),Ahmedabad East,Gujarat,BJP,0,86470298,13515602,https://www.myneta.info/LokSabha2024/candidate.php?candidate_id=3452
ahmedabad-west-sc-dineshbhai-makwana-advocate,Dineshbhai Makwana (Advocate),Ahmedabad West (SC),Gujarat,BJP,0,141769586,13222046,https://www.myneta.info/LokSabha2024/candidate.php?candidate_id=3735
surendranagar-chandubhai-chhaganbhai-shihora,Chandubhai Chhaganbhai Shihora,Surendranagar,Gujarat,BJP,0,5808789,266907,https://www.myneta.info/LokSabha2024/candidate.php?candidate_id=3501
jamnagar-poonamben-hematbhai-maadam,Poonamben Hematbhai Maadam,Jamnagar,Gujarat,BJP,0,1477002341,530000000,https://www.myneta.info/LokSabha2024/candidate.php?candidate_id=5028
amreli-bharatbhai-manubhai-sutariya,Bharatbhai Manubhai Sutariya,Amreli,Gujarat,BJP,0,8378748,0,https://www.myneta.info/LokSabha2024/candidate.php?candidate_id=4067
bhavnagar-nimuben-jayantibhai-bambhaniya-nimuben-bambhaniya,Nimuben Jayantibhai Bambhaniya (Nimuben Bambhaniya),Bhavnagar,Gujarat,BJP,0,26115193,5829447,https://www.myneta.info/LokSabha2024/candidate.php?candidate_id=3743
anand-mitesh-patel-bakabhai,Mitesh Patel (Bakabhai),Anand,Gujarat,BJP,0,110448824,12855662,https://www.myneta.info/LokSabha2024/candidate.php?candidate_id=3596
kheda-devusinh-chauhan,Devusinh Chauhan,Kheda,Gujarat,BJP,0,34976572,4996647,https://www.myneta.info/LokSabha2024/candidate.php?candidate_id=3772
mahesana-haribhai-patel,Haribhai Patel,Mahesana,Gujarat,BJP,0,39863356,1266000,https://www.myneta.info/LokSabha2024/candidate.php?candidate_id=3774
patan-dabhi-bharatsinhji-shankarji,Dabhi Bharatsinhji Shankarji,Patan,Gujarat,BJP,0,68430049,2957861,https://www.myneta.info/LokSabha2024/candidate.php?candidate_id=3603
bilaspur-tokhan-sahu,Tokhan Sahu,Bilaspur,Chhattisgarh,BJP,0,13190513,668086,https://www.myneta.info/LokSabha2024/candidate.php?candidate_id=3590
raipur-brijmohan-agrawal,Brijmohan Agrawal,Raipur,Chhattisgarh,BJP,0,180219000,9233000,https://www.myneta.info/LokSabha2024/candidate.php?candidate_id=3427
dadar-nagar-haveli-st-delkar-kalaben-mohanbhai,Delkar Kalaben Mohanbhai,Dadar & Nagar Haveli (ST),Dadra and Nagar Haveli and Daman and Diu,BJP,0,714454357,15839426,https://www.myneta.info/LokSabha2024/candidate.php?candidate_id=3666
chandni-chowk-praveen-khandelwal,Praveen Khandelwal,Chandni Chowk,Delhi,BJP,0,117039798,60645587,https://www.myneta.info/LokSabha2024/candidate.php?candidate_id=7896
east-delhi-harsh-malhotra,Harsh Malhotra,East Delhi,Delhi,BJP,0,40824015,0,https://www.myneta.info/LokSabha2024/candidate.php?candidate_id=7899
new-delhi-bansuri-swaraj,Bansuri Swaraj,New Delhi,Delhi,BJP,0,192946528,0,https://www.myneta.info/LokSabha2024/candidate.php?candidate_id=7901
west-delhi-kamaljeet-sehrawat,Kamaljeet Sehrawat,West Delhi,Delhi,BJP,0,147436650,11857294,https://www.myneta.info/LokSabha2024/candidate.php?candidate_id=7909
north-goa-shripad-yesso-naik,Shripad Yesso Naik,North Goa,Goa,BJP,0,108683533,508675,https://www.myneta.info/LokSabha2024/candidate.php?candidate_id=3668
kachchh-sc-chavda-vinod-lakhamshi,Chavda Vinod Lakhamshi,Kachchh (SC),Gujarat,BJP,0,70980147,15605895,https://www.myneta.info/LokSabha2024/candidate.php?candidate_id=3769
dahod-st-jaswantsinh-sumanbhai-bhabhor,Jaswantsinh Sumanbhai Bhabhor,Dahod (ST),Gujarat,BJP,0,48404861,6287842,https://www.myneta.info/LokSabha2024/candidate.php?candidate_id=3748
vadodara-dr-hemang-joshi,Dr. Hemang Joshi,Vadodara,Gujarat,BJP,0,10388939,3180318,https://www.myneta.info/LokSabha2024/candidate.php?candidate_id=3606
gurgaon-rao-inderjit-singh,Rao Inderjit Singh,Gurgaon,Haryana,BJP,0,1215422868,133670844,https://www.myneta.info/LokSabha2024/candidate.php?candidate_id=8448
faridabad-krishan-pal,Krishan Pal,Faridabad,Haryana,BJP,0,625815843,39847197,https://www.myneta.info/LokSabha2024/candidate.php?candidate_id=8425
kangra-dr-rajeev-bhardwaj,Dr Rajeev Bhardwaj,Kangra,Himachal Pradesh,BJP,0,58723886,424821,https://www.myneta.info/LokSabha2024/candidate.php?candidate_id=8762
shimla-sc-suresh-kumar-kashyap,Suresh Kumar Kashyap,Shimla (SC),Himachal Pradesh,BJP,0,44442736,5105342,https://www.myneta.info/LokSabha2024/candidate.php?candidate_id=8766
udhampur-dr-jitendra-singh,Dr Jitendra Singh,Udhampur,Jammu and Kashmir,BJP,0,85905005,0,https://www.myneta.info/LokSabha2024/candidate.php?candidate_id=8
jammu-jugal-kishore,Jugal Kishore,Jammu,Jammu and Kashmir,BJP,0,76378942,8013699,https://www.myneta.info/LokSabha2024/candidate.php?candidate_id=1712
srinagar-aga-syed-ruhullah-mehdi,Aga Syed Ruhullah Mehdi,Srinagar,Jammu and Kashmir,Jammu & Kashmir National Conference,0,35793000,438000,https://www.myneta.info/LokSabha2024/candidate.php?candidate_id=6318
singhbhum-st-joba-majhi,Joba Majhi,Singhbhum (ST),Jharkhand,JMM,0,22860659,620000,https://www.myneta.info/LokSabha2024/candidate.php?candidate_id=5157
khunti-st-kali-charan-munda,Kali Charan Munda,Khunti (ST),Jharkhand,INC,0,5407803,0,https://www.myneta.info/LokSabha2024/candidate.php?candidate_id=5153
bhiwani-mahendragarh-dharambir-singh,Dharambir Singh,Bhiwani-mahendragarh,Haryana,BJP,0,115664424,0,https://www.myneta.info/LokSabha2024/candidate.php?candidate_id=8558
rohtak-deepender-singh-hooda,Deepender Singh Hooda,Rohtak,Haryana,INC,0,692558771,2318344,https://www.myneta.info/LokSabha2024/candidate.php?candidate_id=8497
bharuch-mansukhbhai-dhanjibhai-vasava,Mansukhbhai Dhanjibhai Vasava,Bharuch,Gujarat,BJP,0,25499808,1104414,https://www.myneta.info/LokSabha2024/candidate.php?candidate_id=3455
bardoli-st-parbhubhai-nagarbhai-vasava,Parbhubhai Nagarbhai Vasava,Bardoli (ST),Gujarat,BJP,0,47003506,8455874,https://www.myneta.info/LokSabha2024/candidate.php?candidate_id=3740
surat-mukeshkumar-chandrakaant-dalal,Mukeshkumar Chandrakaant Dalal,Surat,Gujarat,BJP,0,178013262,17957360,https://www.myneta.info/LokSabha2024/candidate.php?candidate_id=3783
valsad-st-dhaval-laxmanbhai-patel,Dhaval Laxmanbhai Patel,Valsad (ST),Gujarat,BJP,0,67850853,0,https://www.myneta.info/LokSabha2024/candidate.php?candidate_id=3502
ambala-sc-varun-chaudhry,Varun Chaudhry,Ambala (SC),Haryana,INC,0,259468388,6173716,https://www.myneta.info/LokSabha2024/candidate.php?candidate_id=8414
sirsa-sc-selja,Selja,Sirsa (SC),Haryana,INC,0,420655803,0,https://www.myneta.info/LokSabha2024/candidate.php?candidate_id=8546
hisar-jai-parkash-j-p-s-o-harikesh,Jai Parkash (J P) S/O Harikesh,Hisar,Haryana,INC,0,68053567,13194392,https://www.myneta.info/LokSabha2024/candidate.php?candidate_id=8547
karnal-manohar-lal,Manohar Lal,Karnal,Haryana,BJP,0,25442914,0,https://www.myneta.info/LokSabha2024/candidate.php?candidate_id=8552
sonipat-satpal-brahamchari,Satpal Brahamchari,Sonipat,Haryana,INC,0,16073608,0,https://www.myneta.info/LokSabha2024/candidate.php?candidate_id=8557
palamu-sc-vishnu-dayal-ram,Vishnu Dayal Ram,Palamu (SC),Jharkhand,BJP,0,39081116,1237580,https://www.myneta.info/LokSabha2024/candidate.php?candidate_id=6264
janjgir-champa-sc-kamlesh-jangde,Kamlesh Jangde,Janjgir-champa (SC),Chhattisgarh,BJP,0,15462143,1380075,https://www.myneta.info/LokSabha2024/candidate.php?candidate_id=3677
kaziranga-kamakhya-prasad-tasa,Kamakhya Prasad Tasa,Kaziranga,Assam,BJP,0,20017297,1586170,https://www.myneta.info/LokSabha2024/candidate.php?candidate_id=732
sonitpur-ranjit-dutta,Ranjit Dutta,Sonitpur,Assam,BJP,0,89792194,24261374,https://www.myneta.info/LokSabha2024/candidate.php?candidate_id=741
lakhimpur-pradan-baruah,Pradan Baruah,Lakhimpur,Assam,BJP,0,24205536,2269660,https://www.myneta.info/LokSabha2024/candidate.php?candidate_id=239
dibrugarh-sarbananda-sonowal,Sarbananda Sonowal,Dibrugarh,Assam,BJP,0,47585258,2578370,https://www.myneta.info/LokSabha2024/candidate.php?candidate_id=259
darrang-udalguri-dilip-saikia,Dilip Saikia,Darrang-udalguri,Assam,BJP,0,26442931,3730107,https://www.myneta.info/LokSabha2024/candidate.php?candidate_id=2753
diphu-st-amarsing-tisso,Amarsing Tisso,Diphu (ST),Assam,BJP,0,227863561,54075091,https://www.myneta.info/LokSabha2024/candidate.php?candidate_id=1924
karimganj-kripanath-mallah,Kripanath Mallah,Karimganj,Assam,BJP,0,18862404,6314782,https://www.myneta.info/LokSabha2024/candidate.php?candidate_id=2206
silchar-sc-parimal-suklabaidya,Parimal Suklabaidya,Silchar (SC),Assam,BJP,0,17257627,0,https://www.myneta.info/LokSabha2024/candidate.php?candidate_id=2210
dhubri-rakibul-hussain,Rakibul Hussain,Dhubri,Assam,INC,0,252963888,43646481,https://www.myneta.info/LokSabha2024/candidate.php?candidate_id=4100
arunachal-east-tapir-gao,Tapir Gao,Arunachal East,Arunachal Pradesh,BJP,0,150537706,0,https://www.myneta.info/LokSabha2024/candidate.php?candidate_id=257
arunachal-west-kiren-rijiju,Kiren Rijiju,Arunachal West,Arunachal Pradesh,BJP,0,49403234,0,https://www.myneta.info/LokSabha2024/candidate.php?candidate_id=251
amalapuram-sc-g-m-harish-balayogi,G M Harish (Balayogi),Amalapuram (SC),Andhra Pradesh,TDP,0,105389128,199712,https://www.myneta.info/LokSabha2024/candidate.php?candidate_id=5300
narsapuram-bhupathi-raju-srinivasa-varma,Bhupathi Raju Srinivasa Varma,Narsapuram,Andhra Pradesh,BJP,0,71664809,16926961,https://www.myneta.info/LokSabha2024/candidate.php?candidate_id=5273
vijayawada-kesineni-sivanath-chinni,Kesineni Sivanath (Chinni),Vijayawada,Andhra Pradesh,TDP,0,292066245,261740856,https://www.myneta.info/LokSabha2024/candidate.php?candidate_id=5128
narsaraopet-lavu-srikrishna-devarayalu,Lavu Srikrishna Devarayalu,Narsaraopet,Andhra Pradesh,TDP,0,566548466,68088135,https://www.myneta.info/LokSabha2024/candidate.php?candidate_id=5116
bapatla-sc-krishna-prasad-tenneti,Krishna Prasad Tenneti,Bapatla (SC),Andhra Pradesh,TDP,0,155757943,19400000,https://www.myneta.info/LokSabha2024/candidate.php?candidate_id=5102
kurnool-bastipati-nagaraju-panchalingala,Bastipati Nagaraju Panchalingala,Kurnool,Andhra Pradesh,TDP,0,90176000,1936439,https://www.myneta.info/LokSabha2024/candidate.php?candidate_id=6787
thirupathi-sc-gurumoorthy-maddila,Gurumoorthy Maddila,Thirupathi (SC),Andhra Pradesh,YSRCP,0,13249134,1097657,https://www.myneta.info/LokSabha2024/candidate.php?candidate_id=5125
rajampet-p-v-midhun-reddy,P V Midhun Reddy,Rajampet,Andhra Pradesh,YSRCP,0,1468501685,560918969,https://www.myneta.info/LokSabha2024/candidate.php?candidate_id=5123
chittoor-sc-daggumalla-prasada-rao,Daggumalla Prasada Rao,Chittoor (SC),Andhra Pradesh,TDP,0,384493765,80279565,https://www.myneta.info/LokSabha2024/candidate.php?candidate_id=5104
guwahati-bijuli-kalita-medhi,Bijuli Kalita Medhi,Guwahati,Assam,BJP,0,16189751,0,https://www.myneta.info/LokSabha2024/candidate.php?candidate_id=4548
nawada-vivek-thakur,Vivek Thakur,Nawada,Bihar,BJP,0,50566297,10444564,https://www.myneta.info/LokSabha2024/candidate.php?candidate_id=1695
jamui-sc-arun-bharti,Arun Bharti,Jamui (SC),Bihar,Lok Janshakti Party(Ram Vilas),0,64870319,31204393,https://www.myneta.info/LokSabha2024/candidate.php?candidate_id=1681
sheohar-lovely-anand,Lovely Anand,Sheohar,Bihar,JD(U),0,94553723,3169916,https://www.myneta.info/LokSabha2024/candidate.php?candidate_id=7890
siwan-vijaylakshmi-devi,Vijaylakshmi Devi,Siwan,Bihar,JD(U),0,44130032,360008,https://www.myneta.info/LokSabha2024/candidate.php?candidate_id=8120
nalanda-kaushalendra-kumar,Kaushalendra Kumar,Nalanda,Bihar,JD(U),0,42453773,7346973,https://www.myneta.info/LokSabha2024/candidate.php?candidate_id=9494
patna-sahib-ravi-shankar-prasad,Ravi Shankar Prasad,Patna Sahib,Bihar,BJP,0,406098345,0,https://www.myneta.info/LokSabha2024/candidate.php?candidate_id=9505
chandigarh-manish-tewari,Manish Tewari,Chandigarh,Chandigarh,INC,0,296842688,24993400,https://www.myneta.info/LokSabha2024/candidate.php?candidate_id=8819
bastar-st-mahesh-kashyap,Mahesh Kashyap,Bastar (ST),Chhattisgarh,BJP,0,3967309,34980,https://www.myneta.info/LokSabha2024/candidate.php?candidate_id=268
mahasamund-roop-kumari-choudhary,Roop Kumari Choudhary,Mahasamund,Chhattisgarh,BJP,0,53908562,2116025,https://www.myneta.info/LokSabha2024/candidate.php?candidate_id=2129
kanker-st-bhojraj-nag,Bhojraj Nag,Kanker (ST),Chhattisgarh,BJP,0,12394941,607061,https://www.myneta.info/LokSabha2024/candidate.php?candidate_id=1932
surguja-st-chintamani-maharaj,Chintamani Maharaj,Surguja (ST),Chhattisgarh,BJP,0,41298468,3502648,https://www.myneta.info/LokSabha2024/candidate.php?candidate_id=3450
hajipur-sc-chirag-paswan,Chirag Paswan,Hajipur (SC),Bihar,Lok Janshakti Party(Ram Vilas),0,26875873,0,https://www.myneta.info/LokSabha2024/candidate.php?candidate_id=7281
kishanganj-mohammad-jawed,Mohammad Jawed,Kishanganj,Bihar,INC,0,159675943,16562000,https://www.myneta.info/LokSabha2024/candidate.php?candidate_id=2240
katihar-tariq-anwar,Tariq Anwar,Katihar,Bihar,INC,0,196057169,0,https://www.myneta.info/LokSabha2024/candidate.php?candidate_id=2239
bhagalpur-ajay-kumar-mandal,Ajay Kumar Mandal,Bhagalpur,Bihar,JD(U),0,12232756,4980480,https://www.myneta.info/LokSabha2024/candidate.php?candidate_id=1930
banka-giridhari-yadav,Giridhari Yadav,Banka,Bihar,JD(U),0,17281101,5695769,https://www.myneta.info/LokSabha2024/candidate.php?candidate_id=2229
jhanjharpur-ramprit-mandal,Ramprit Mandal,Jhanjharpur,Bihar,JD(U),0,105978772,426593,https://www.myneta.info/LokSabha2024/candidate.php?candidate_id=3437
madhepura-dinesh-chandra-yadav,Dinesh Chandra Yadav,Madhepura,Bihar,JD(U),0,66209377,0,https://www.myneta.info/LokSabha2024/candidate.php?candidate_id=3423
samastipur-sc-shambhavi,Shambhavi,Samastipur (SC),Bihar,Lok Janshakti Party(Ram Vilas),0,45406719,17250997,https://www.myneta.info/LokSabha2024/candidate.php?candidate_id=5057
muzaffarpur-raj-bhushan-choudhary,Raj Bhushan Choudhary,Muzaffarpur,Bihar,BJP,0,205295066,54608134,https://www.myneta.info/LokSabha2024/candidate.php?candidate_id=7133
saran-rajiv-pratap-rudy,Rajiv Pratap Rudy,Saran,Bihar,BJP,0,83711219,656891,https://www.myneta.info/LokSabha2024/candidate.php?candidate_id=7279
raigarh-st-radheshyam-rathiya,Radheshyam Rathiya,Raigarh (ST),Chhattisgarh,BJP,0,10650781,124610,https://www.myneta.info/LokSabha2024/candidate.php?candidate_id=3425
jalgaon-smita-uday-wagh,Smita Uday Wagh,Jalgaon,Maharashtra,BJP,0,87477424,18576577,https://www.myneta.info/LokSabha2024/candidate.php?candidate_id=5317
mumbai-south-central-anil-yeshwant-desai,Anil Yeshwant Desai,Mumbai South-Central,Maharashtra,ShivSena (Uddhav Balasaheb Thackeray),0,229443731,23036212,https://www.myneta.info/LokSabha2024/candidate.php?candidate_id=7098
inner-manipur-angomcha-bimol-akoijam,Angomcha Bimol Akoijam,Inner Manipur,Manipur,INC,0,9767556,3484121,https://www.myneta.info/LokSabha2024/candidate.php?candidate_id=337
outer-manipur-st-alfred-kanngam-s-arthur,Alfred Kanngam S Arthur,Outer Manipur (ST),Manipur,INC,0,555326115,4400000,https://www.myneta.info/LokSabha2024/candidate.php?candidate_id=340
shillong-st-dr-ricky-andrew-j-syngkon,Dr. Ricky Andrew J. Syngkon,Shillong (ST),Meghalaya,Voice of the People Party,0,13128411,443048,https://www.myneta.info/LokSabha2024/candidate.php?candidate_id=344
mizoram-st-richard-vanlalhmangaiha,Richard Vanlalhmangaiha,Mizoram (ST),Mizoram,Zoram Peoples Movement,0,16919233,0,https://www.myneta.info/LokSabha2024/candidate.php?candidate_id=60
nagaland-s-supongmeren-jamir,S Supongmeren Jamir,Nagaland,Nagaland,INC,0,2100868,556528,https://www.myneta.info/LokSabha2024/candidate.php?candidate_id=356
kalahandi-malvika-devi,Malvika Devi,Kalahandi,Odisha,BJP,0,418901050,0,https://www.myneta.info/LokSabha2024/candidate.php?candidate_id=5174
koraput-st-saptagiri-sankar-ulaka,Saptagiri Sankar Ulaka,Koraput (ST),Odisha,INC,0,70956659,16002929,https://www.myneta.info/LokSabha2024/candidate.php?candidate_id=5071
aska-anita-subhadarshini,Anita Subhadarshini,Aska,Odisha,BJP,0,24799399,1000000,https://www.myneta.info/LokSabha2024/candidate.php?candidate_id=7158
mumbai-north-east-sanjay-dina-patil,Sanjay Dina Patil,Mumbai North-East,Maharashtra,ShivSena (Uddhav Balasaheb Thackeray),0,39911145,0,https://www.myneta.info/LokSabha2024/candidate.php?candidate_id=7094
mumbai-north-piyush-goyal,Piyush Goyal,Mumbai North,Maharashtra,BJP,0,1109514447,142265061,https://www.myneta.info/LokSabha2024/candidate.php?candidate_id=7093
raver-khadse-raksha-nikhil,Khadse Raksha Nikhil,Raver,Maharashtra,BJP,0,182117790,7736381,https://www.myneta.info/LokSabha2024/candidate.php?candidate_id=6921
shirur-dr-amol-ramsing-kolhe,Dr. Amol Ramsing Kolhe,Shirur,Maharashtra,Nationalist Congress Party – Sharadchandra Pawar,0,84207251,44971049,https://www.myneta.info/LokSabha2024/candidate.php?candidate_id=5327
shirdi-sc-bhausaheb-rajaram-wakchaure,Bhausaheb Rajaram Wakchaure,Shirdi (SC),Maharashtra,ShivSena (Uddhav Balasaheb Thackeray),0,97519221,2432000,https://www.myneta.info/LokSabha2024/candidate.php?candidate_id=5331
beed-bajrang-manohar-sonwane,Bajrang Manohar Sonwane,Beed,Maharashtra,Nationalist Congress Party – Sharadchandra Pawar,0,289278459,77515217,https://www.myneta.info/LokSabha2024/candidate.php?candidate_id=5333
dindori-st-bhaskar-murlidhar-bhagare,Bhaskar Murlidhar Bhagare,Dindori (ST),Maharashtra,Nationalist Congress Party – Sharadchandra Pawar,0,17450827,2444380,https://www.myneta.info/LokSabha2024/candidate.php?candidate_id=7089
nashik-rajabhau-parag-prakash-waje,Rajabhau (Parag) Prakash Waje,Nashik,Maharashtra,ShivSena (Uddhav Balasaheb Thackeray),0,158637378,1918865,https://www.myneta.info/LokSabha2024/candidate.php?candidate_id=7124
palghar-st-dr-hemant-vishnu-savara,Dr. Hemant Vishnu Savara,Palghar (ST),Maharashtra,BJP,0,81622050,10776056,https://www.myneta.info/LokSabha2024/candidate.php?candidate_id=7349
bhiwandi-suresh-gopinath-mhatre-alias-balya-mama,Suresh Gopinath Mhatre Alias Balya Mama,Bhiwandi,Maharashtra,Nationalist Congress Party – Sharadchandra Pawar,0,1075534826,756559886,https://www.myneta.info/LokSabha2024/candidate.php?candidate_id=7090
kalyan-dr-shrikant-eknath-shinde,Dr Shrikant Eknath Shinde,Kalyan,Maharashtra,Shiv Sena,0,149208812,66320443,https://www.myneta.info/LokSabha2024/candidate.php?candidate_id=7216
jajpur-sc-rabindra-narayan-behera,Rabindra Narayan Behera,Jajpur (SC),Odisha,BJP,0,45567092,0,https://www.myneta.info/LokSabha2024/candidate.php?candidate_id=9604
puducherry-ve-vaithilingam,Ve Vaithilingam,Puducherry,Puducherry,INC,0,157249699,0,https://www.myneta.info/LokSabha2024/candidate.php?candidate_id=531
bikaner-sc-arjun-ram-meghwal,Arjun Ram Meghwal,Bikaner (SC),Rajasthan,BJP,0,37654863,0,https://www.myneta.info/LokSabha2024/candidate.php?candidate_id=381
churu-rahul-kaswan,Rahul Kaswan,Churu,Rajasthan,INC,0,53322989,24417448,https://www.myneta.info/LokSabha2024/candidate.php?candidate_id=395
jhunjhunu-brijendra-singh-ola,Brijendra Singh Ola,Jhunjhunu,Rajasthan,INC,0,160284000,32710000,https://www.myneta.info/LokSabha2024/candidate.php?candidate_id=444
sikar-amraram,Amraram,Sikar,Rajasthan,CPI(M),0,4050109,0,https://www.myneta.info/LokSabha2024/candidate.php?candidate_id=476
jaipur-rural-rao-rajendra-singh,Rao Rajendra Singh,Jaipur Rural,Rajasthan,BJP,0,293352992,20889099,https://www.myneta.info/LokSabha2024/candidate.php?candidate_id=436
jaipur-manju-sharma,Manju Sharma,Jaipur,Rajasthan,BJP,0,23661843,4169859,https://www.myneta.info/LokSabha2024/candidate.php?candidate_id=417
bharatpur-sc-sanjna-jatav,Sanjna Jatav,Bharatpur (SC),Rajasthan,INC,0,2310193,715340,https://www.myneta.info/LokSabha2024/candidate.php?candidate_id=371
dausa-st-murari-lal-meena,Murari Lal Meena,Dausa (ST),Rajasthan,INC,0,135714010,2166932,https://www.myneta.info/LokSabha2024/candidate.php?candidate_id=401
tonk-sawai-madhopur-harish-chandra-meena,Harish Chandra Meena,Tonk-sawai Madhopur,Rajasthan,INC,0,230794780,0,https://www.myneta.info/LokSabha2024/candidate.php?candidate_id=2583
ganganagar-sc-kuldeep-indora,Kuldeep Indora,Ganganagar (SC),Rajasthan,INC,0,137189112,17537144,https://www.myneta.info/LokSabha2024/candidate.php?candidate_id=409
patiala-dr-dharamvira-gandhi,Dr Dharamvira Gandhi,Patiala,Punjab,INC,0,85341885,0,https://www.myneta.info/LokSabha2024/candidate.php?candidate_id=8759
gurdaspur-sukhjinder-singh-randhawa,Sukhjinder Singh Randhawa,Gurdaspur,Punjab,INC,0,71253181,16132136,https://www.myneta.info/LokSabha2024/candidate.php?candidate_id=8728
amritsar-gurjeet-singh-aujla,Gurjeet Singh Aujla,Amritsar,Punjab,INC,0,53508591,13781750,https://www.myneta.info/LokSabha2024/candidate.php?candidate_id=8734
jalandhar-sc-charanjit-singh-channi,Charanjit Singh Channi,Jalandhar (SC),Punjab,INC,0,102119804,4139547,https://www.myneta.info/LokSabha2024/candidate.php?candidate_id=8738
anandpur-sahib-malvinder-singh-kang,Malvinder Singh Kang,Anandpur Sahib,Punjab,AAP,0,41905973,2013285,https://www.myneta.info/LokSabha2024/candidate.php?candidate_id=8744
ludhiana-amrinder-singh-raja-warring,Amrinder Singh Raja Warring,Ludhiana,Punjab,INC,0,177243256,44673348,https://www.myneta.info/LokSabha2024/candidate.php?candidate_id=8745
fatehgarh-sahib-sc-amar-singh,Amar Singh,Fatehgarh Sahib (SC),Punjab,INC,0,54280612,0,https://www.myneta.info/LokSabha2024/candidate.php?candidate_id=8748
faridkot-sc-sarabjeet-singh-khalsa,Sarabjeet Singh Khalsa,Faridkot (SC),Punjab,IND,0,10808400,575000,https://www.myneta.info/LokSabha2024/candidate.php?candidate_id=9256
firozpur-sher-singh-ghubaya,Sher Singh Ghubaya,Firozpur,Punjab,INC,0,91161885,4378380,https://www.myneta.info/LokSabha2024/candidate.php?candidate_id=8940
bathinda-harsimrat-kaur-badal,Harsimrat Kaur Badal,Bathinda,Punjab,SAD,0,1985183903,544775134,https://www.myneta.info/LokSabha2024/candidate.php?candidate_id=8951
ajmer-bhagirath-choudhary,Bhagirath Choudhary,Ajmer,Rajasthan,BJP,0,133811555,5432413,https://www.myneta.info/LokSabha2024/candidate.php?candidate_id=2038
nandurbar-st-adv-gowaal-kagada-padavi,Adv Gowaal Kagada Padavi,Nandurbar (ST),Maharashtra,INC,0,70170431,7817614,https://www.myneta.info/LokSabha2024/candidate.php?candidate_id=6007
dharwad-pralhad-joshi,Pralhad Joshi,Dharwad,Karnataka,BJP,0,210960953,80123332,https://www.myneta.info/LokSabha2024/candidate.php?candidate_id=3567
uttara-kannada-hegde-vishweshwar,Hegde Vishweshwar,Uttara Kannada,Karnataka,BJP,0,167409004,0,https://www.myneta.info/LokSabha2024/candidate.php?candidate_id=3407
davanagere-dr-prabha-mallikarjun,Dr. Prabha Mallikarjun,Davanagere,Karnataka,INC,0,2412803910,247124278,https://www.myneta.info/LokSabha2024/candidate.php?candidate_id=3393
alathur-sc-k-radhakrishnan,K.Radhakrishnan,Alathur (SC),Kerala,CPI(M),0,4014637,406028,https://www.myneta.info/LokSabha2024/candidate.php?candidate_id=2268
ladakh-mohmad-haneefa,Mohmad Haneefa,Ladakh,Ladakh,IND,0,32761570,150000,https://www.myneta.info/LokSabha2024/candidate.php?candidate_id=7512
lakshadweep-muhammed-hamdullah-sayeed,Muhammed Hamdullah Sayeed,Lakshadweep,Lakshadweep,INC,0,148548173,0,https://www.myneta.info/LokSabha2024/candidate.php?candidate_id=764
shahdol-st-smt-himadri-singh,Smt. Himadri Singh,Shahdol (ST),Madhya Pradesh,BJP,0,50180267,4284426,https://www.myneta.info/LokSabha2024/candidate.php?candidate_id=3
jabalpur-ashish-dubey,Ashish Dubey,Jabalpur,Madhya Pradesh,BJP,0,351856860,13529284,https://www.myneta.info/LokSabha2024/candidate.php?candidate_id=240
balaghat-bharti-pardhi,Bharti Pardhi,Balaghat,Madhya Pradesh,BJP,0,59018167,0,https://www.myneta.info/LokSabha2024/candidate.php?candidate_id=45
haveri-basavaraj-bommai,Basavaraj Bommai,Haveri,Karnataka,BJP,0,539504552,54634074,https://www.myneta.info/LokSabha2024/candidate.php?candidate_id=3579
bellary-st-e-tukaram,E. Tukaram,Bellary (ST),Karnataka,INC,0,35267209,12325000,https://www.myneta.info/LokSabha2024/candidate.php?candidate_id=3386
udupi-chikmagalur-kota-srinivas-poojary,Kota Srinivas Poojary,Udupi Chikmagalur,Karnataka,BJP,0,29470510,10444645,https://www.myneta.info/LokSabha2024/candidate.php?candidate_id=2323
chitradurga-sc-govind-makthappa-karjol,Govind Makthappa Karjol,Chitradurga (SC),Karnataka,BJP,0,43243598,0,https://www.myneta.info/LokSabha2024/candidate.php?candidate_id=1886
mysore-yaduveer-krishnadatta-chamaraja-wadiyar,Yaduveer Krishnadatta Chamaraja Wadiyar,Mysore,Karnataka,BJP,0,94688187,0,https://www.myneta.info/LokSabha2024/candidate.php?candidate_id=1900
bangalore-rural-dr-c-n-manjunath,Dr C N Manjunath,Bangalore Rural,Karnataka,BJP,0,983883816,148146673,https://www.myneta.info/LokSabha2024/candidate.php?candidate_id=2597
chikkodi-priyanka-satish-jarkiholi,Priyanka Satish Jarkiholi,Chikkodi,Karnataka,INC,0,91157625,15743768,https://www.myneta.info/LokSabha2024/candidate.php?candidate_id=4024
bagalkot-gaddigoudar-parvatgouda-chandangouda,Gaddigoudar Parvatgouda Chandangouda,Bagalkot,Karnataka,BJP,0,75855750,24446219,https://www.myneta.info/LokSabha2024/candidate.php?candidate_id=3930
bijapur-sc-ramesh-jigajinagi,Ramesh Jigajinagi,Bijapur (SC),Karnataka,BJP,0,516315994,68116765,https://www.myneta.info/LokSabha2024/candidate.php?candidate_id=3797
raichur-st-g-kumar-naik,G. Kumar Naik,Raichur (ST),Karnataka,INC,0,334128505,50402456,https://www.myneta.info/LokSabha2024/candidate.php?candidate_id=3585
bidar-sagar-eshwar-khandre,Sagar Eshwar Khandre,Bidar,Karnataka,INC,0,134373930,15000000,https://www.myneta.info/LokSabha2024/candidate.php?candidate_id=3793
tikamgarh-sc-dr-virendra-kumar,Dr. Virendra Kumar,Tikamgarh (SC),Madhya Pradesh,BJP,0,28837006,0,https://www.myneta.info/LokSabha2024/candidate.php?candidate_id=2473
damoh-rahul-singh-lodhi,Rahul Singh Lodhi,Damoh,Madhya Pradesh,BJP,0,16355135,553202,https://www.myneta.info/LokSabha2024/candidate.php?candidate_id=1831
rewa-janardan-mishra-s-o-ramdhar-prasad-mishra,Janardan Mishra S/O Ramdhar Prasad Mishra,Rewa,Madhya Pradesh,BJP,0,50938896,10536551,https://www.myneta.info/LokSabha2024/candidate.php?candidate_id=2094
khargone-st-gajendra-singh-patel,Gajendra Singh Patel,Khargone (ST),Madhya Pradesh,BJP,0,99824946,4497445,https://www.myneta.info/LokSabha2024/candidate.php?candidate_id=6416
gadchiroli-chimur-st-dr-kirsan-namdeo,Dr. Kirsan Namdeo,Gadchiroli-Chimur (ST),Maharashtra,INC,0,59476042,2828488,https://www.myneta.info/LokSabha2024/candidate.php?candidate_id=317
chandrapur-dhanorkar-pratibha-suresh-alias-balubhau,Dhanorkar Pratibha Suresh Alias Balubhau,Chandrapur,Maharashtra,INC,0,803722094,552386611,https://www.myneta.info/LokSabha2024/candidate.php?candidate_id=300
wardha-amar-sharadrao-kale,Amar Sharadrao Kale,Wardha,Maharashtra,Nationalist Congress Party – Sharadchandra Pawar,0,106175044,29504353,https://www.myneta.info/LokSabha2024/candidate.php?candidate_id=1969
yavatmal-washim-sanjay-uttamrao-deshmukh,Sanjay Uttamrao Deshmukh,Yavatmal-Washim,Maharashtra,ShivSena (Uddhav Balasaheb Thackeray),0,284422940,94874636,https://www.myneta.info/LokSabha2024/candidate.php?candidate_id=1978
hingoli-aashtikar-patil-nagesh-bapurao,Aashtikar Patil Nagesh Bapurao,Hingoli,Maharashtra,ShivSena (Uddhav Balasaheb Thackeray),0,80585824,8867236,https://www.myneta.info/LokSabha2024/candidate.php?candidate_id=2408
raigad-tatkare-sunil-dattatrey,Tatkare Sunil Dattatrey,Raigad,Maharashtra,NCP,0,145768773,114520,https://www.myneta.info/LokSabha2024/candidate.php?candidate_id=4319
baramati-supriya-sule,Supriya Sule,Baramati,Maharashtra,Nationalist Congress Party – Sharadchandra Pawar,0,1665186348,5500000,https://www.myneta.info/LokSabha2024/candidate.php?candidate_id=4316
latur-sc-dr-kalge-shivaji-bandappa,Dr. Kalge Shivaji Bandappa,Latur (SC),Maharashtra,INC,0,322619499,23891845,https://www.myneta.info/LokSabha2024/candidate.php?candidate_id=4318
dhar-st-savitri-thakur,Savitri Thakur,Dhar (ST),Madhya Pradesh,BJP,0,53107546,6963601,https://www.myneta.info/LokSabha2024/candidate.php?candidate_id=5162
hoshangabad-darshan-singh-choudhary,Darshan Singh Choudhary,Hoshangabad,Madhya Pradesh,BJP,0,9349061,0,https://www.myneta.info/LokSabha2024/candidate.php?candidate_id=1833
betul-st-durgadas-d-d-uikey,Durgadas (D. D.) Uikey,Betul (ST),Madhya Pradesh,BJP,0,18487232,1182315,https://www.myneta.info/LokSabha2024/candidate.php?candidate_id=1830
morena-shivmangal-singh-tomar,Shivmangal Singh Tomar,Morena,Madhya Pradesh,BJP,0,22614911,4430205,https://www.myneta.info/LokSabha2024/candidate.php?candidate_id=3618
bhind-sc-sandhya-ray,Sandhya Ray,Bhind (SC),Madhya Pradesh,BJP,0,96772861,11400000,https://www.myneta.info/LokSabha2024/candidate.php?candidate_id=4175
gwalior-bharat-singh-kushwah,Bharat Singh Kushwah,Gwalior,Madhya Pradesh,BJP,0,28809530,6276267,https://www.myneta.info/LokSabha2024/candidate.php?candidate_id=3554
guna-jyotiraditya-m-scindia,Jyotiraditya M. Scindia,Guna,Madhya Pradesh,BJP,0,4247494078,4824000,https://www.myneta.info/LokSabha2024/candidate.php?candidate_id=3613
sagar-dr-lata-wankhede,Dr. Lata Wankhede,Sagar,Madhya Pradesh,BJP,0,173410882,13800070,https://www.myneta.info/LokSabha2024/candidate.php?candidate_id=3547
ujjain-sc-anil-firojiya,Anil Firojiya,Ujjain (SC),Madhya Pradesh,BJP,0,88159766,30346543,https://www.myneta.info/LokSabha2024/candidate.php?candidate_id=5170
ratlam-st-anita-nagarsingh-chouhan,Anita Nagarsingh Chouhan,Ratlam (ST),Madhya Pradesh,BJP,0,52459353,186900,https://www.myneta.info/LokSabha2024/candidate.php?candidate_id=5066
hatkanangale-dhairyasheel-sambhajirao-mane,Dhairyasheel Sambhajirao Mane,Hatkanangale,Maharashtra,Shiv Sena,0,45131759,10000000,https://www.myneta.info/LokSabha2024/candidate.php?candidate_id=3537
nanded-chavan-ravindra-vasantrao,Chavan Ravindra Vasantrao,Nanded,Maharashtra,INC,0,55549568,10356886,https://www.myneta.info/LokSabha2024/candidate.php?candidate_id=9677